"filename", "language", "Markdown", "Properties", "Kotlinscript", "Batch", "JSON", "C++", "Kotlin", "Java", "mcfunction", "XML", "comment", "blank", "total"
"g:\AST\MCFPP\.idea\codeStyles\Project.xml", "XML", 0, 0, 0, 0, 0, 0, 0, 0, 0, 15, 0, 0, 15
"g:\AST\MCFPP\.idea\codeStyles\codeStyleConfig.xml", "XML", 0, 0, 0, 0, 0, 0, 0, 0, 0, 5, 0, 0, 5
"g:\AST\MCFPP\.idea\encodings.xml", "XML", 0, 0, 0, 0, 0, 0, 0, 0, 0, 9, 0, 0, 9
"g:\AST\MCFPP\.idea\gradle.xml", "XML", 0, 0, 0, 0, 0, 0, 0, 0, 0, 17, 0, 0, 17
"g:\AST\MCFPP\.idea\inspectionProfiles\Project_Default.xml", "XML", 0, 0, 0, 0, 0, 0, 0, 0, 0, 6, 0, 0, 6
"g:\AST\MCFPP\.idea\kotlinScripting.xml", "XML", 0, 0, 0, 0, 0, 0, 0, 0, 0, 0, 0, 1, 1
"g:\AST\MCFPP\.idea\kotlinc.xml", "XML", 0, 0, 0, 0, 0, 0, 0, 0, 0, 6, 0, 0, 6
"g:\AST\MCFPP\.idea\misc.xml", "XML", 0, 0, 0, 0, 0, 0, 0, 0, 0, 43, 0, 0, 43
"g:\AST\MCFPP\.idea\statistic.xml", "XML", 0, 0, 0, 0, 0, 0, 0, 0, 0, 7, 0, 0, 7
"g:\AST\MCFPP\.idea\uiDesigner.xml", "XML", 0, 0, 0, 0, 0, 0, 0, 0, 0, 124, 0, 0, 124
"g:\AST\MCFPP\.idea\vcs.xml", "XML", 0, 0, 0, 0, 0, 0, 0, 0, 0, 6, 0, 0, 6
"g:\AST\MCFPP\README.md", "Markdown", 59, 0, 0, 0, 0, 0, 0, 0, 0, 0, 0, 10, 69
"g:\AST\MCFPP\README_CN.md", "Markdown", 59, 0, 0, 0, 0, 0, 0, 0, 0, 0, 0, 10, 69
"g:\AST\MCFPP\TODO.md", "Markdown", 24, 0, 0, 0, 0, 0, 0, 0, 0, 0, 0, 5, 29
"g:\AST\MCFPP\TODO_CN.md", "Markdown", 24, 0, 0, 0, 0, 0, 0, 0, 0, 0, 0, 5, 29
"g:\AST\MCFPP\build.gradle.kts", "Kotlinscript", 0, 0, 82, 0, 0, 0, 0, 0, 0, 0, 0, 14, 96
"g:\AST\MCFPP\gradle.properties", "Properties", 0, 1, 0, 0, 0, 0, 0, 0, 0, 0, 2, 0, 3
"g:\AST\MCFPP\gradle\wrapper\gradle-wrapper.properties", "Properties", 0, 5, 0, 0, 0, 0, 0, 0, 0, 0, 0, 1, 6
"g:\AST\MCFPP\gradlew.bat", "Batch", 0, 0, 0, 39, 0, 0, 0, 0, 0, 0, 29, 22, 90
"g:\AST\MCFPP\log4j2.xml", "XML", 0, 0, 0, 0, 0, 0, 0, 0, 0, 13, 0, 0, 13
"g:\AST\MCFPP\mcfpp\dynamic\mcfpp.dynamic.json", "JSON", 0, 0, 0, 0, 8, 0, 0, 0, 0, 0, 0, 0, 8
"g:\AST\MCFPP\mcfpp\dynamic\src\DynamicCommand\data\mcfpp.dynamic.util\functions\nbt\append_number_index.mcfunction", "mcfunction", 0, 0, 0, 0, 0, 0, 0, 0, 1, 0, 2, 1, 4
"g:\AST\MCFPP\mcfpp\dynamic\src\DynamicCommand\data\mcfpp.dynamic.util\functions\nbt\join_path.mcfunction", "mcfunction", 0, 0, 0, 0, 0, 0, 0, 0, 6, 0, 5, 2, 13
"g:\AST\MCFPP\mcfpp\dynamic\src\DynamicCommand\data\mcfpp.dynamic.util\functions\nbt\z_join.mcfunction", "mcfunction", 0, 0, 0, 0, 0, 0, 0, 0, 1, 0, 2, 0, 3
"g:\AST\MCFPP\mcfpp\dynamic\src\DynamicCommand\data\mcfpp.dynamic\functions\advancement\everything.mcfunction", "mcfunction", 0, 0, 0, 0, 0, 0, 0, 0, 1, 0, 0, 0, 1
"g:\AST\MCFPP\mcfpp\dynamic\src\DynamicCommand\data\mcfpp.dynamic\functions\advancement\multi.mcfunction", "mcfunction", 0, 0, 0, 0, 0, 0, 0, 0, 1, 0, 0, 0, 1
"g:\AST\MCFPP\mcfpp\dynamic\src\DynamicCommand\data\mcfpp.dynamic\functions\advancement\only.mcfunction", "mcfunction", 0, 0, 0, 0, 0, 0, 0, 0, 1, 0, 0, 0, 1
"g:\AST\MCFPP\mcfpp\dynamic\src\DynamicCommand\data\mcfpp.dynamic\functions\advancement\only_with_criterion.mcfunction", "mcfunction", 0, 0, 0, 0, 0, 0, 0, 0, 1, 0, 0, 0, 1
"g:\AST\MCFPP\mcfpp\dynamic\src\DynamicCommand\data\mcfpp.dynamic\functions\attribute\get.mcfunction", "mcfunction", 0, 0, 0, 0, 0, 0, 0, 0, 1, 0, 0, 0, 1
"g:\AST\MCFPP\mcfpp\dynamic\src\DynamicCommand\data\mcfpp.dynamic\functions\attribute\get_scale.mcfunction", "mcfunction", 0, 0, 0, 0, 0, 0, 0, 0, 1, 0, 0, 0, 1
"g:\AST\MCFPP\mcfpp\dynamic\src\DynamicCommand\data\mcfpp.dynamic\functions\attribute\modifier\add.mcfunction", "mcfunction", 0, 0, 0, 0, 0, 0, 0, 0, 0, 0, 0, 1, 1
"g:\AST\MCFPP\mcfpp\dynamic\src\DynamicCommand\data\mcfpp.dynamic\functions\data\modify\entity.from.storage.mcfunction", "mcfunction", 0, 0, 0, 0, 0, 0, 0, 0, 1, 0, 3, 1, 5
"g:\AST\MCFPP\mcfpp\dynamic\src\DynamicCommand\data\mcfpp.dynamic\functions\data\modify\entity.from.storage_sp.mcfunction", "mcfunction", 0, 0, 0, 0, 0, 0, 0, 0, 1, 0, 4, 1, 6
"g:\AST\MCFPP\mcfpp\dynamic\src\DynamicCommand\data\mcfpp.dynamic\functions\data\modify\entity.from.storage_sp2.mcfunction", "mcfunction", 0, 0, 0, 0, 0, 0, 0, 0, 1, 0, 4, 1, 6
"g:\AST\MCFPP\mcfpp\dynamic\src\DynamicCommand\data\mcfpp.dynamic\functions\data\modify\storage.append.from.entity_sp.mcfunction", "mcfunction", 0, 0, 0, 0, 0, 0, 0, 0, 1, 0, 4, 1, 6
"g:\AST\MCFPP\mcfpp\dynamic\src\DynamicCommand\data\mcfpp.dynamic\functions\data\modify\storage.from.entity_sp3.mcfunction", "mcfunction", 0, 0, 0, 0, 0, 0, 0, 0, 1, 0, 4, 1, 6
"g:\AST\MCFPP\mcfpp\dynamic\src\DynamicCommand\data\mcfpp.dynamic\functions\data\modify\storage.from.entity_sp5.mcfunction", "mcfunction", 0, 0, 0, 0, 0, 0, 0, 0, 1, 0, 4, 1, 6
"g:\AST\MCFPP\mcfpp\dynamic\src\DynamicCommand\data\mcfpp.dynamic\functions\data\modify\storage.from.storage.mcfunction", "mcfunction", 0, 0, 0, 0, 0, 0, 0, 0, 1, 0, 3, 1, 5
"g:\AST\MCFPP\mcfpp\dynamic\src\DynamicCommand\data\mcfpp.dynamic\functions\data\modify\storage.from.storage_sp4.mcfunction", "mcfunction", 0, 0, 0, 0, 0, 0, 0, 0, 1, 0, 3, 1, 5
"g:\AST\MCFPP\mcfpp\dynamic\src\DynamicCommand\data\mcfpp.dynamic\functions\data\modify\storage.from.storage_sp6.mcfunction", "mcfunction", 0, 0, 0, 0, 0, 0, 0, 0, 1, 0, 3, 1, 5
"g:\AST\MCFPP\mcfpp\dynamic\src\DynamicCommand\data\mcfpp.dynamic\functions\function.mcfunction", "mcfunction", 0, 0, 0, 0, 0, 0, 0, 0, 1, 0, 3, 0, 4
"g:\AST\MCFPP\mcfpp\dynamic\src\DynamicCommand\pack.mcmeta", "JSON", 0, 0, 0, 0, 6, 0, 0, 0, 0, 0, 0, 1, 7
"g:\AST\MCFPP\mcfpp\math\mcfpp.math.json", "JSON", 0, 0, 0, 0, 8, 0, 0, 0, 0, 0, 0, 0, 8
"g:\AST\MCFPP\mcfpp\math\src\math\README.md", "Markdown", 6, 0, 0, 0, 0, 0, 0, 0, 0, 0, 0, 2, 8
"g:\AST\MCFPP\mcfpp\math\src\math\data\entitycls\tags\entity_types\cbox\cls1.json", "JSON", 0, 0, 0, 0, 8, 0, 0, 0, 0, 0, 0, 0, 8
"g:\AST\MCFPP\mcfpp\math\src\math\data\entitycls\tags\entity_types\cbox\cls10.json", "JSON", 0, 0, 0, 0, 9, 0, 0, 0, 0, 0, 0, 0, 9
"g:\AST\MCFPP\mcfpp\math\src\math\data\entitycls\tags\entity_types\cbox\cls11.json", "JSON", 0, 0, 0, 0, 12, 0, 0, 0, 0, 0, 0, 0, 12
"g:\AST\MCFPP\mcfpp\math\src\math\data\entitycls\tags\entity_types\cbox\cls12.json", "JSON", 0, 0, 0, 0, 7, 0, 0, 0, 0, 0, 0, 0, 7
"g:\AST\MCFPP\mcfpp\math\src\math\data\entitycls\tags\entity_types\cbox\cls13.json", "JSON", 0, 0, 0, 0, 7, 0, 0, 0, 0, 0, 0, 0, 7
"g:\AST\MCFPP\mcfpp\math\src\math\data\entitycls\tags\entity_types\cbox\cls14.json", "JSON", 0, 0, 0, 0, 12, 0, 0, 0, 0, 0, 0, 0, 12
"g:\AST\MCFPP\mcfpp\math\src\math\data\entitycls\tags\entity_types\cbox\cls15.json", "JSON", 0, 0, 0, 0, 9, 0, 0, 0, 0, 0, 0, 0, 9
"g:\AST\MCFPP\mcfpp\math\src\math\data\entitycls\tags\entity_types\cbox\cls16.json", "JSON", 0, 0, 0, 0, 7, 0, 0, 0, 0, 0, 0, 0, 7
"g:\AST\MCFPP\mcfpp\math\src\math\data\entitycls\tags\entity_types\cbox\cls2.json", "JSON", 0, 0, 0, 0, 12, 0, 0, 0, 0, 0, 0, 0, 12
"g:\AST\MCFPP\mcfpp\math\src\math\data\entitycls\tags\entity_types\cbox\cls3.json", "JSON", 0, 0, 0, 0, 7, 0, 0, 0, 0, 0, 0, 0, 7
"g:\AST\MCFPP\mcfpp\math\src\math\data\entitycls\tags\entity_types\cbox\cls4.json", "JSON", 0, 0, 0, 0, 9, 0, 0, 0, 0, 0, 0, 0, 9
"g:\AST\MCFPP\mcfpp\math\src\math\data\entitycls\tags\entity_types\cbox\cls5.json", "JSON", 0, 0, 0, 0, 10, 0, 0, 0, 0, 0, 0, 0, 10
"g:\AST\MCFPP\mcfpp\math\src\math\data\entitycls\tags\entity_types\cbox\cls6.json", "JSON", 0, 0, 0, 0, 15, 0, 0, 0, 0, 0, 0, 0, 15
"g:\AST\MCFPP\mcfpp\math\src\math\data\entitycls\tags\entity_types\cbox\cls7.json", "JSON", 0, 0, 0, 0, 8, 0, 0, 0, 0, 0, 0, 0, 8
"g:\AST\MCFPP\mcfpp\math\src\math\data\entitycls\tags\entity_types\cbox\cls8.json", "JSON", 0, 0, 0, 0, 8, 0, 0, 0, 0, 0, 0, 0, 8
"g:\AST\MCFPP\mcfpp\math\src\math\data\entitycls\tags\entity_types\cbox\cls9.json", "JSON", 0, 0, 0, 0, 7, 0, 0, 0, 0, 0, 0, 0, 7
"g:\AST\MCFPP\mcfpp\math\src\math\data\entitycls\tags\entity_types\cbox\gen1.json", "JSON", 0, 0, 0, 0, 17, 0, 0, 0, 0, 0, 0, 0, 17
"g:\AST\MCFPP\mcfpp\math\src\math\data\entitycls\tags\entity_types\cbox\gen2.json", "JSON", 0, 0, 0, 0, 25, 0, 0, 0, 0, 0, 0, 0, 25
"g:\AST\MCFPP\mcfpp\math\src\math\data\entitycls\tags\entity_types\cbox\gen3.json", "JSON", 0, 0, 0, 0, 26, 0, 0, 0, 0, 0, 0, 0, 26
"g:\AST\MCFPP\mcfpp\math\src\math\data\entitycls\tags\entity_types\cbox\gen4.json", "JSON", 0, 0, 0, 0, 25, 0, 0, 0, 0, 0, 0, 0, 25
"g:\AST\MCFPP\mcfpp\math\src\math\data\math\functions\3vec\_coordto.mcfunction", "mcfunction", 0, 0, 0, 0, 0, 0, 0, 0, 4, 0, 5, 1, 10
"g:\AST\MCFPP\mcfpp\math\src\math\data\math\functions\3vec\_cross.mcfunction", "mcfunction", 0, 0, 0, 0, 0, 0, 0, 0, 20, 0, 1, 2, 23
"g:\AST\MCFPP\mcfpp\math\src\math\data\math\functions\3vec\_dsp-ex.mcfunction", "mcfunction", 0, 0, 0, 0, 0, 0, 0, 0, 2, 0, 4, 1, 7
"g:\AST\MCFPP\mcfpp\math\src\math\data\math\functions\3vec\_dsp.mcfunction", "mcfunction", 0, 0, 0, 0, 0, 0, 0, 0, 23, 0, 4, 4, 31
"g:\AST\MCFPP\mcfpp\math\src\math\data\math\functions\3vec\_ex-len.mcfunction", "mcfunction", 0, 0, 0, 0, 0, 0, 0, 0, 30, 0, 4, 5, 39
"g:\AST\MCFPP\mcfpp\math\src\math\data\math\functions\3vec\_ex-rot.mcfunction", "mcfunction", 0, 0, 0, 0, 0, 0, 0, 0, 27, 0, 10, 6, 43
"g:\AST\MCFPP\mcfpp\math\src\math\data\math\functions\3vec\_ex-xyz.mcfunction", "mcfunction", 0, 0, 0, 0, 0, 0, 0, 0, 30, 0, 8, 4, 42
"g:\AST\MCFPP\mcfpp\math\src\math\data\math\functions\3vec\_facingto.mcfunction", "mcfunction", 0, 0, 0, 0, 0, 0, 0, 0, 4, 0, 2, 0, 6
"g:\AST\MCFPP\mcfpp\math\src\math\data\math\functions\3vec\_fposto.mcfunction", "mcfunction", 0, 0, 0, 0, 0, 0, 0, 0, 3, 0, 1, 0, 4
"g:\AST\MCFPP\mcfpp\math\src\math\data\math\functions\3vec\_get.mcfunction", "mcfunction", 0, 0, 0, 0, 0, 0, 0, 0, 6, 0, 1, 0, 7
"g:\AST\MCFPP\mcfpp\math\src\math\data\math\functions\3vec\_ldsp-ex.mcfunction", "mcfunction", 0, 0, 0, 0, 0, 0, 0, 0, 2, 0, 4, 0, 6
"g:\AST\MCFPP\mcfpp\math\src\math\data\math\functions\3vec\_ldsp.mcfunction", "mcfunction", 0, 0, 0, 0, 0, 0, 0, 0, 22, 0, 4, 3, 29
"g:\AST\MCFPP\mcfpp\math\src\math\data\math\functions\3vec\_polar.mcfunction", "mcfunction", 0, 0, 0, 0, 0, 0, 0, 0, 27, 0, 14, 7, 48
"g:\AST\MCFPP\mcfpp\math\src\math\data\math\functions\3vec\_posto.mcfunction", "mcfunction", 0, 0, 0, 0, 0, 0, 0, 0, 6, 0, 4, 1, 11
"g:\AST\MCFPP\mcfpp\math\src\math\data\math\functions\3vec\_print.mcfunction", "mcfunction", 0, 0, 0, 0, 0, 0, 0, 0, 1, 0, 1, 0, 2
"g:\AST\MCFPP\mcfpp\math\src\math\data\math\functions\3vec\_ssprint.mcfunction", "mcfunction", 0, 0, 0, 0, 0, 0, 0, 0, 1, 0, 1, 0, 2
"g:\AST\MCFPP\mcfpp\math\src\math\data\math\functions\3vec\_ssrandnew.mcfunction", "mcfunction", 0, 0, 0, 0, 0, 0, 0, 0, 8, 0, 1, 0, 9
"g:\AST\MCFPP\mcfpp\math\src\math\data\math\functions\3vec\_store.mcfunction", "mcfunction", 0, 0, 0, 0, 0, 0, 0, 0, 6, 0, 1, 0, 7
"g:\AST\MCFPP\mcfpp\math\src\math\data\math\functions\3vec\_tofacing.mcfunction", "mcfunction", 0, 0, 0, 0, 0, 0, 0, 0, 4, 0, 2, 0, 6
"g:\AST\MCFPP\mcfpp\math\src\math\data\math\functions\3vec\_tofpos.mcfunction", "mcfunction", 0, 0, 0, 0, 0, 0, 0, 0, 3, 0, 1, 0, 4
"g:\AST\MCFPP\mcfpp\math\src\math\data\math\functions\3vec\_topos.mcfunction", "mcfunction", 0, 0, 0, 0, 0, 0, 0, 0, 6, 0, 4, 1, 11
"g:\AST\MCFPP\mcfpp\math\src\math\data\math\functions\3vec\_tosto.mcfunction", "mcfunction", 0, 0, 0, 0, 0, 0, 0, 0, 7, 0, 4, 2, 13
"g:\AST\MCFPP\mcfpp\math\src\math\data\math\functions\3vec\dsp\arrow.mcfunction", "mcfunction", 0, 0, 0, 0, 0, 0, 0, 0, 124, 0, 0, 24, 148
"g:\AST\MCFPP\mcfpp\math\src\math\data\math\functions\3vec\dsp\loop0.mcfunction", "mcfunction", 0, 0, 0, 0, 0, 0, 0, 0, 21, 0, 0, 2, 23
"g:\AST\MCFPP\mcfpp\math\src\math\data\math\functions\3vec\dsp\loop1.mcfunction", "mcfunction", 0, 0, 0, 0, 0, 0, 0, 0, 6, 0, 0, 1, 7
"g:\AST\MCFPP\mcfpp\math\src\math\data\math\functions\3vec\exlen\3div.mcfunction", "mcfunction", 0, 0, 0, 0, 0, 0, 0, 0, 3, 0, 1, 0, 4
"g:\AST\MCFPP\mcfpp\math\src\math\data\math\functions\3vec\exlen\range0.mcfunction", "mcfunction", 0, 0, 0, 0, 0, 0, 0, 0, 3, 0, 0, 0, 3
"g:\AST\MCFPP\mcfpp\math\src\math\data\math\functions\3vec\exlen\range1.mcfunction", "mcfunction", 0, 0, 0, 0, 0, 0, 0, 0, 3, 0, 0, 0, 3
"g:\AST\MCFPP\mcfpp\math\src\math\data\math\functions\3vec\exlen\range2.mcfunction", "mcfunction", 0, 0, 0, 0, 0, 0, 0, 0, 3, 0, 0, 0, 3
"g:\AST\MCFPP\mcfpp\math\src\math\data\math\functions\3vec\init.mcfunction", "mcfunction", 0, 0, 0, 0, 0, 0, 0, 0, 6, 0, 1, 0, 7
"g:\AST\MCFPP\mcfpp\math\src\math\data\math\functions\_init.mcfunction", "mcfunction", 0, 0, 0, 0, 0, 0, 0, 0, 59, 0, 14, 14, 87
"g:\AST\MCFPP\mcfpp\math\src\math\data\math\functions\_posto.mcfunction", "mcfunction", 0, 0, 0, 0, 0, 0, 0, 0, 3, 0, 4, 0, 7
"g:\AST\MCFPP\mcfpp\math\src\math\data\math\functions\_random.mcfunction", "mcfunction", 0, 0, 0, 0, 0, 0, 0, 0, 8, 0, 4, 0, 12
"g:\AST\MCFPP\mcfpp\math\src\math\data\math\functions\_refacing.mcfunction", "mcfunction", 0, 0, 0, 0, 0, 0, 0, 0, 7, 0, 4, 1, 12
"g:\AST\MCFPP\mcfpp\math\src\math\data\math\functions\_sincos.mcfunction", "mcfunction", 0, 0, 0, 0, 0, 0, 0, 0, 4, 0, 5, 0, 9
"g:\AST\MCFPP\mcfpp\math\src\math\data\math\functions\_sqrt.mcfunction", "mcfunction", 0, 0, 0, 0, 0, 0, 0, 0, 16, 0, 4, 0, 20
"g:\AST\MCFPP\mcfpp\math\src\math\data\math\functions\_topos.mcfunction", "mcfunction", 0, 0, 0, 0, 0, 0, 0, 0, 3, 0, 4, 0, 7
"g:\AST\MCFPP\mcfpp\math\src\math\data\math\functions\_version.mcfunction", "mcfunction", 0, 0, 0, 0, 0, 0, 0, 0, 2, 0, 2, 0, 4
"g:\AST\MCFPP\mcfpp\math\src\math\data\math\functions\_xyz.mcfunction", "mcfunction", 0, 0, 0, 0, 0, 0, 0, 0, 4, 0, 5, 0, 9
"g:\AST\MCFPP\mcfpp\math\src\math\data\math\functions\classify\_append.mcfunction", "mcfunction", 0, 0, 0, 0, 0, 0, 0, 0, 5, 0, 3, 0, 8
"g:\AST\MCFPP\mcfpp\math\src\math\data\math\functions\classify\_ssnew.mcfunction", "mcfunction", 0, 0, 0, 0, 0, 0, 0, 0, 2, 0, 1, 0, 3
"g:\AST\MCFPP\mcfpp\math\src\math\data\math\functions\classify\new_group.mcfunction", "mcfunction", 0, 0, 0, 0, 0, 0, 0, 0, 2, 0, 1, 0, 3
"g:\AST\MCFPP\mcfpp\math\src\math\data\math\functions\classify\sloop.mcfunction", "mcfunction", 0, 0, 0, 0, 0, 0, 0, 0, 7, 0, 3, 0, 10
"g:\AST\MCFPP\mcfpp\math\src\math\data\math\functions\hpo\3div_resign.mcfunction", "mcfunction", 0, 0, 0, 0, 0, 0, 0, 0, 2, 0, 1, 0, 3
"g:\AST\MCFPP\mcfpp\math\src\math\data\math\functions\hpo\3vec_float\_add.mcfunction", "mcfunction", 0, 0, 0, 0, 0, 0, 0, 0, 74, 0, 19, 3, 96
"g:\AST\MCFPP\mcfpp\math\src\math\data\math\functions\hpo\3vec_float\_cross.mcfunction", "mcfunction", 0, 0, 0, 0, 0, 0, 0, 0, 101, 0, 2, 4, 107
"g:\AST\MCFPP\mcfpp\math\src\math\data\math\functions\hpo\3vec_float\_div.mcfunction", "mcfunction", 0, 0, 0, 0, 0, 0, 0, 0, 90, 0, 19, 5, 114
"g:\AST\MCFPP\mcfpp\math\src\math\data\math\functions\hpo\3vec_float\_dot.mcfunction", "mcfunction", 0, 0, 0, 0, 0, 0, 0, 0, 125, 0, 29, 6, 160
"g:\AST\MCFPP\mcfpp\math\src\math\data\math\functions\hpo\3vec_float\_get.mcfunction", "mcfunction", 0, 0, 0, 0, 0, 0, 0, 0, 12, 0, 1, 0, 13
"g:\AST\MCFPP\mcfpp\math\src\math\data\math\functions\hpo\3vec_float\_length.mcfunction", "mcfunction", 0, 0, 0, 0, 0, 0, 0, 0, 18, 0, 2, 2, 22
"g:\AST\MCFPP\mcfpp\math\src\math\data\math\functions\hpo\3vec_float\_mult.mcfunction", "mcfunction", 0, 0, 0, 0, 0, 0, 0, 0, 57, 0, 13, 3, 73
"g:\AST\MCFPP\mcfpp\math\src\math\data\math\functions\hpo\3vec_float\_rmv.mcfunction", "mcfunction", 0, 0, 0, 0, 0, 0, 0, 0, 72, 0, 19, 3, 94
"g:\AST\MCFPP\mcfpp\math\src\math\data\math\functions\hpo\3vec_float\_ssprint.mcfunction", "mcfunction", 0, 0, 0, 0, 0, 0, 0, 0, 22, 0, 1, 3, 26
"g:\AST\MCFPP\mcfpp\math\src\math\data\math\functions\hpo\3vec_float\_ssprintx.mcfunction", "mcfunction", 0, 0, 0, 0, 0, 0, 0, 0, 7, 0, 0, 0, 7
"g:\AST\MCFPP\mcfpp\math\src\math\data\math\functions\hpo\3vec_float\_ssprinty.mcfunction", "mcfunction", 0, 0, 0, 0, 0, 0, 0, 0, 7, 0, 0, 0, 7
"g:\AST\MCFPP\mcfpp\math\src\math\data\math\functions\hpo\3vec_float\_ssprintz.mcfunction", "mcfunction", 0, 0, 0, 0, 0, 0, 0, 0, 7, 0, 0, 0, 7
"g:\AST\MCFPP\mcfpp\math\src\math\data\math\functions\hpo\3vec_float\_ssrandnew.mcfunction", "mcfunction", 0, 0, 0, 0, 0, 0, 0, 0, 22, 0, 2, 3, 27
"g:\AST\MCFPP\mcfpp\math\src\math\data\math\functions\hpo\3vec_float\_store.mcfunction", "mcfunction", 0, 0, 0, 0, 0, 0, 0, 0, 12, 0, 1, 0, 13
"g:\AST\MCFPP\mcfpp\math\src\math\data\math\functions\hpo\3vec_float\_swap.mcfunction", "mcfunction", 0, 0, 0, 0, 0, 0, 0, 0, 12, 0, 1, 3, 16
"g:\AST\MCFPP\mcfpp\math\src\math\data\math\functions\hpo\3vec_float\_tovec.mcfunction", "mcfunction", 0, 0, 0, 0, 0, 0, 0, 0, 24, 0, 4, 3, 31
"g:\AST\MCFPP\mcfpp\math\src\math\data\math\functions\hpo\3vec_float\_unit.mcfunction", "mcfunction", 0, 0, 0, 0, 0, 0, 0, 0, 20, 0, 2, 3, 25
"g:\AST\MCFPP\mcfpp\math\src\math\data\math\functions\hpo\3vec_float\_vecto.mcfunction", "mcfunction", 0, 0, 0, 0, 0, 0, 0, 0, 30, 0, 13, 3, 46
"g:\AST\MCFPP\mcfpp\math\src\math\data\math\functions\hpo\3vec_float\add_swapx.mcfunction", "mcfunction", 0, 0, 0, 0, 0, 0, 0, 0, 4, 0, 0, 2, 6
"g:\AST\MCFPP\mcfpp\math\src\math\data\math\functions\hpo\3vec_float\add_swapy.mcfunction", "mcfunction", 0, 0, 0, 0, 0, 0, 0, 0, 4, 0, 0, 2, 6
"g:\AST\MCFPP\mcfpp\math\src\math\data\math\functions\hpo\3vec_float\add_swapz.mcfunction", "mcfunction", 0, 0, 0, 0, 0, 0, 0, 0, 4, 0, 0, 2, 6
"g:\AST\MCFPP\mcfpp\math\src\math\data\math\functions\hpo\3vec_float\addx_search\align0.mcfunction", "mcfunction", 0, 0, 0, 0, 0, 0, 0, 0, 2, 0, 0, 0, 2
"g:\AST\MCFPP\mcfpp\math\src\math\data\math\functions\hpo\3vec_float\addx_search\align1.mcfunction", "mcfunction", 0, 0, 0, 0, 0, 0, 0, 0, 2, 0, 0, 0, 2
"g:\AST\MCFPP\mcfpp\math\src\math\data\math\functions\hpo\3vec_float\addx_search\align2.mcfunction", "mcfunction", 0, 0, 0, 0, 0, 0, 0, 0, 2, 0, 0, 0, 2
"g:\AST\MCFPP\mcfpp\math\src\math\data\math\functions\hpo\3vec_float\addx_search\align3.mcfunction", "mcfunction", 0, 0, 0, 0, 0, 0, 0, 0, 2, 0, 0, 0, 2
"g:\AST\MCFPP\mcfpp\math\src\math\data\math\functions\hpo\3vec_float\addx_search\align4.mcfunction", "mcfunction", 0, 0, 0, 0, 0, 0, 0, 0, 2, 0, 0, 0, 2
"g:\AST\MCFPP\mcfpp\math\src\math\data\math\functions\hpo\3vec_float\addx_search\align5.mcfunction", "mcfunction", 0, 0, 0, 0, 0, 0, 0, 0, 2, 0, 0, 0, 2
"g:\AST\MCFPP\mcfpp\math\src\math\data\math\functions\hpo\3vec_float\addx_search\align6.mcfunction", "mcfunction", 0, 0, 0, 0, 0, 0, 0, 0, 2, 0, 0, 0, 2
"g:\AST\MCFPP\mcfpp\math\src\math\data\math\functions\hpo\3vec_float\addx_search\align7.mcfunction", "mcfunction", 0, 0, 0, 0, 0, 0, 0, 0, 2, 0, 0, 0, 2
"g:\AST\MCFPP\mcfpp\math\src\math\data\math\functions\hpo\3vec_float\addx_search\align_s0.mcfunction", "mcfunction", 0, 0, 0, 0, 0, 0, 0, 0, 3, 0, 0, 0, 3
"g:\AST\MCFPP\mcfpp\math\src\math\data\math\functions\hpo\3vec_float\addx_search\align_s1.mcfunction", "mcfunction", 0, 0, 0, 0, 0, 0, 0, 0, 3, 0, 0, 0, 3
"g:\AST\MCFPP\mcfpp\math\src\math\data\math\functions\hpo\3vec_float\addx_search\align_s2.mcfunction", "mcfunction", 0, 0, 0, 0, 0, 0, 0, 0, 3, 0, 0, 0, 3
"g:\AST\MCFPP\mcfpp\math\src\math\data\math\functions\hpo\3vec_float\addx_search\zero.mcfunction", "mcfunction", 0, 0, 0, 0, 0, 0, 0, 0, 2, 0, 0, 0, 2
"g:\AST\MCFPP\mcfpp\math\src\math\data\math\functions\hpo\3vec_float\addy_search\align0.mcfunction", "mcfunction", 0, 0, 0, 0, 0, 0, 0, 0, 2, 0, 0, 0, 2
"g:\AST\MCFPP\mcfpp\math\src\math\data\math\functions\hpo\3vec_float\addy_search\align1.mcfunction", "mcfunction", 0, 0, 0, 0, 0, 0, 0, 0, 2, 0, 0, 0, 2
"g:\AST\MCFPP\mcfpp\math\src\math\data\math\functions\hpo\3vec_float\addy_search\align2.mcfunction", "mcfunction", 0, 0, 0, 0, 0, 0, 0, 0, 2, 0, 0, 0, 2
"g:\AST\MCFPP\mcfpp\math\src\math\data\math\functions\hpo\3vec_float\addy_search\align3.mcfunction", "mcfunction", 0, 0, 0, 0, 0, 0, 0, 0, 2, 0, 0, 0, 2
"g:\AST\MCFPP\mcfpp\math\src\math\data\math\functions\hpo\3vec_float\addy_search\align4.mcfunction", "mcfunction", 0, 0, 0, 0, 0, 0, 0, 0, 2, 0, 0, 0, 2
"g:\AST\MCFPP\mcfpp\math\src\math\data\math\functions\hpo\3vec_float\addy_search\align5.mcfunction", "mcfunction", 0, 0, 0, 0, 0, 0, 0, 0, 2, 0, 0, 0, 2
"g:\AST\MCFPP\mcfpp\math\src\math\data\math\functions\hpo\3vec_float\addy_search\align6.mcfunction", "mcfunction", 0, 0, 0, 0, 0, 0, 0, 0, 2, 0, 0, 0, 2
"g:\AST\MCFPP\mcfpp\math\src\math\data\math\functions\hpo\3vec_float\addy_search\align7.mcfunction", "mcfunction", 0, 0, 0, 0, 0, 0, 0, 0, 2, 0, 0, 0, 2
"g:\AST\MCFPP\mcfpp\math\src\math\data\math\functions\hpo\3vec_float\addy_search\align_s0.mcfunction", "mcfunction", 0, 0, 0, 0, 0, 0, 0, 0, 3, 0, 0, 0, 3
"g:\AST\MCFPP\mcfpp\math\src\math\data\math\functions\hpo\3vec_float\addy_search\align_s1.mcfunction", "mcfunction", 0, 0, 0, 0, 0, 0, 0, 0, 3, 0, 0, 0, 3
"g:\AST\MCFPP\mcfpp\math\src\math\data\math\functions\hpo\3vec_float\addy_search\align_s2.mcfunction", "mcfunction", 0, 0, 0, 0, 0, 0, 0, 0, 3, 0, 0, 0, 3
"g:\AST\MCFPP\mcfpp\math\src\math\data\math\functions\hpo\3vec_float\addy_search\zero.mcfunction", "mcfunction", 0, 0, 0, 0, 0, 0, 0, 0, 2, 0, 0, 0, 2
"g:\AST\MCFPP\mcfpp\math\src\math\data\math\functions\hpo\3vec_float\addz_search\align0.mcfunction", "mcfunction", 0, 0, 0, 0, 0, 0, 0, 0, 2, 0, 0, 0, 2
"g:\AST\MCFPP\mcfpp\math\src\math\data\math\functions\hpo\3vec_float\addz_search\align1.mcfunction", "mcfunction", 0, 0, 0, 0, 0, 0, 0, 0, 2, 0, 0, 0, 2
"g:\AST\MCFPP\mcfpp\math\src\math\data\math\functions\hpo\3vec_float\addz_search\align2.mcfunction", "mcfunction", 0, 0, 0, 0, 0, 0, 0, 0, 2, 0, 0, 0, 2
"g:\AST\MCFPP\mcfpp\math\src\math\data\math\functions\hpo\3vec_float\addz_search\align3.mcfunction", "mcfunction", 0, 0, 0, 0, 0, 0, 0, 0, 2, 0, 0, 0, 2
"g:\AST\MCFPP\mcfpp\math\src\math\data\math\functions\hpo\3vec_float\addz_search\align4.mcfunction", "mcfunction", 0, 0, 0, 0, 0, 0, 0, 0, 2, 0, 0, 0, 2
"g:\AST\MCFPP\mcfpp\math\src\math\data\math\functions\hpo\3vec_float\addz_search\align5.mcfunction", "mcfunction", 0, 0, 0, 0, 0, 0, 0, 0, 2, 0, 0, 0, 2
"g:\AST\MCFPP\mcfpp\math\src\math\data\math\functions\hpo\3vec_float\addz_search\align6.mcfunction", "mcfunction", 0, 0, 0, 0, 0, 0, 0, 0, 2, 0, 0, 0, 2
"g:\AST\MCFPP\mcfpp\math\src\math\data\math\functions\hpo\3vec_float\addz_search\align7.mcfunction", "mcfunction", 0, 0, 0, 0, 0, 0, 0, 0, 2, 0, 0, 0, 2
"g:\AST\MCFPP\mcfpp\math\src\math\data\math\functions\hpo\3vec_float\addz_search\align_s0.mcfunction", "mcfunction", 0, 0, 0, 0, 0, 0, 0, 0, 3, 0, 0, 0, 3
"g:\AST\MCFPP\mcfpp\math\src\math\data\math\functions\hpo\3vec_float\addz_search\align_s1.mcfunction", "mcfunction", 0, 0, 0, 0, 0, 0, 0, 0, 3, 0, 0, 0, 3
"g:\AST\MCFPP\mcfpp\math\src\math\data\math\functions\hpo\3vec_float\addz_search\align_s2.mcfunction", "mcfunction", 0, 0, 0, 0, 0, 0, 0, 0, 3, 0, 0, 0, 3
"g:\AST\MCFPP\mcfpp\math\src\math\data\math\functions\hpo\3vec_float\addz_search\zero.mcfunction", "mcfunction", 0, 0, 0, 0, 0, 0, 0, 0, 2, 0, 0, 0, 2
"g:\AST\MCFPP\mcfpp\math\src\math\data\math\functions\hpo\3vec_float\mult_alignx.mcfunction", "mcfunction", 0, 0, 0, 0, 0, 0, 0, 0, 2, 0, 0, 0, 2
"g:\AST\MCFPP\mcfpp\math\src\math\data\math\functions\hpo\3vec_float\mult_aligny.mcfunction", "mcfunction", 0, 0, 0, 0, 0, 0, 0, 0, 2, 0, 0, 0, 2
"g:\AST\MCFPP\mcfpp\math\src\math\data\math\functions\hpo\3vec_float\mult_alignz.mcfunction", "mcfunction", 0, 0, 0, 0, 0, 0, 0, 0, 2, 0, 0, 0, 2
"g:\AST\MCFPP\mcfpp\math\src\math\data\math\functions\hpo\3vec_float\rmv_swapx.mcfunction", "mcfunction", 0, 0, 0, 0, 0, 0, 0, 0, 5, 0, 0, 2, 7
"g:\AST\MCFPP\mcfpp\math\src\math\data\math\functions\hpo\3vec_float\rmv_swapy.mcfunction", "mcfunction", 0, 0, 0, 0, 0, 0, 0, 0, 5, 0, 0, 2, 7
"g:\AST\MCFPP\mcfpp\math\src\math\data\math\functions\hpo\3vec_float\rmv_swapz.mcfunction", "mcfunction", 0, 0, 0, 0, 0, 0, 0, 0, 5, 0, 0, 2, 7
"g:\AST\MCFPP\mcfpp\math\src\math\data\math\functions\hpo\3vec_float\test\length.mcfunction", "mcfunction", 0, 0, 0, 0, 0, 0, 0, 0, 6, 0, 2, 2, 10
"g:\AST\MCFPP\mcfpp\math\src\math\data\math\functions\hpo\3vec_float\test\main.mcfunction", "mcfunction", 0, 0, 0, 0, 0, 0, 0, 0, 13, 0, 2, 4, 19
"g:\AST\MCFPP\mcfpp\math\src\math\data\math\functions\hpo\3vec_float\test\new.mcfunction", "mcfunction", 0, 0, 0, 0, 0, 0, 0, 0, 21, 0, 2, 6, 29
"g:\AST\MCFPP\mcfpp\math\src\math\data\math\functions\hpo\3vec_float\tovecx\-1_0.mcfunction", "mcfunction", 0, 0, 0, 0, 0, 0, 0, 0, 2, 0, 0, 0, 2
"g:\AST\MCFPP\mcfpp\math\src\math\data\math\functions\hpo\3vec_float\tovecx\-4_-2.mcfunction", "mcfunction", 0, 0, 0, 0, 0, 0, 0, 0, 3, 0, 0, 0, 3
"g:\AST\MCFPP\mcfpp\math\src\math\data\math\functions\hpo\3vec_float\tovecx\1_2.mcfunction", "mcfunction", 0, 0, 0, 0, 0, 0, 0, 0, 2, 0, 0, 0, 2
"g:\AST\MCFPP\mcfpp\math\src\math\data\math\functions\hpo\3vec_float\tovecx\3_6.mcfunction", "mcfunction", 0, 0, 0, 0, 0, 0, 0, 0, 3, 0, 0, 0, 3
"g:\AST\MCFPP\mcfpp\math\src\math\data\math\functions\hpo\3vec_float\tovecy\-1_0.mcfunction", "mcfunction", 0, 0, 0, 0, 0, 0, 0, 0, 2, 0, 0, 0, 2
"g:\AST\MCFPP\mcfpp\math\src\math\data\math\functions\hpo\3vec_float\tovecy\-4_-2.mcfunction", "mcfunction", 0, 0, 0, 0, 0, 0, 0, 0, 3, 0, 0, 0, 3
"g:\AST\MCFPP\mcfpp\math\src\math\data\math\functions\hpo\3vec_float\tovecy\1_2.mcfunction", "mcfunction", 0, 0, 0, 0, 0, 0, 0, 0, 2, 0, 0, 0, 2
"g:\AST\MCFPP\mcfpp\math\src\math\data\math\functions\hpo\3vec_float\tovecy\3_6.mcfunction", "mcfunction", 0, 0, 0, 0, 0, 0, 0, 0, 3, 0, 0, 0, 3
"g:\AST\MCFPP\mcfpp\math\src\math\data\math\functions\hpo\3vec_float\tovecz\-1_0.mcfunction", "mcfunction", 0, 0, 0, 0, 0, 0, 0, 0, 2, 0, 0, 0, 2
"g:\AST\MCFPP\mcfpp\math\src\math\data\math\functions\hpo\3vec_float\tovecz\-4_-2.mcfunction", "mcfunction", 0, 0, 0, 0, 0, 0, 0, 0, 3, 0, 0, 0, 3
"g:\AST\MCFPP\mcfpp\math\src\math\data\math\functions\hpo\3vec_float\tovecz\1_2.mcfunction", "mcfunction", 0, 0, 0, 0, 0, 0, 0, 0, 2, 0, 0, 0, 2
"g:\AST\MCFPP\mcfpp\math\src\math\data\math\functions\hpo\3vec_float\tovecz\3_6.mcfunction", "mcfunction", 0, 0, 0, 0, 0, 0, 0, 0, 3, 0, 0, 0, 3
"g:\AST\MCFPP\mcfpp\math\src\math\data\math\functions\hpo\_3div.mcfunction", "mcfunction", 0, 0, 0, 0, 0, 0, 0, 0, 15, 0, 4, 5, 24
"g:\AST\MCFPP\mcfpp\math\src\math\data\math\functions\hpo\_4div.mcfunction", "mcfunction", 0, 0, 0, 0, 0, 0, 0, 0, 16, 0, 4, 5, 25
"g:\AST\MCFPP\mcfpp\math\src\math\data\math\functions\hpo\float\_add.mcfunction", "mcfunction", 0, 0, 0, 0, 0, 0, 0, 0, 24, 0, 7, 3, 34
"g:\AST\MCFPP\mcfpp\math\src\math\data\math\functions\hpo\float\_cmp.mcfunction", "mcfunction", 0, 0, 0, 0, 0, 0, 0, 0, 11, 0, 2, 1, 14
"g:\AST\MCFPP\mcfpp\math\src\math\data\math\functions\hpo\float\_div.mcfunction", "mcfunction", 0, 0, 0, 0, 0, 0, 0, 0, 34, 0, 7, 4, 45
"g:\AST\MCFPP\mcfpp\math\src\math\data\math\functions\hpo\float\_equal.mcfunction", "mcfunction", 0, 0, 0, 0, 0, 0, 0, 0, 5, 0, 1, 0, 6
"g:\AST\MCFPP\mcfpp\math\src\math\data\math\functions\hpo\float\_get.mcfunction", "mcfunction", 0, 0, 0, 0, 0, 0, 0, 0, 4, 0, 1, 0, 5
"g:\AST\MCFPP\mcfpp\math\src\math\data\math\functions\hpo\float\_inverse.mcfunction", "mcfunction", 0, 0, 0, 0, 0, 0, 0, 0, 31, 0, 5, 3, 39
"g:\AST\MCFPP\mcfpp\math\src\math\data\math\functions\hpo\float\_isbigger.mcfunction", "mcfunction", 0, 0, 0, 0, 0, 0, 0, 0, 5, 0, 1, 0, 6
"g:\AST\MCFPP\mcfpp\math\src\math\data\math\functions\hpo\float\_isbiggerorequal.mcfunction", "mcfunction", 0, 0, 0, 0, 0, 0, 0, 0, 5, 0, 1, 0, 6
"g:\AST\MCFPP\mcfpp\math\src\math\data\math\functions\hpo\float\_issmaller.mcfunction", "mcfunction", 0, 0, 0, 0, 0, 0, 0, 0, 5, 0, 1, 0, 6
"g:\AST\MCFPP\mcfpp\math\src\math\data\math\functions\hpo\float\_issmallerorequal.mcfunction", "mcfunction", 0, 0, 0, 0, 0, 0, 0, 0, 5, 0, 1, 0, 6
"g:\AST\MCFPP\mcfpp\math\src\math\data\math\functions\hpo\float\_mult.mcfunction", "mcfunction", 0, 0, 0, 0, 0, 0, 0, 0, 19, 0, 6, 3, 28
"g:\AST\MCFPP\mcfpp\math\src\math\data\math\functions\hpo\float\_notequal.mcfunction", "mcfunction", 0, 0, 0, 0, 0, 0, 0, 0, 5, 0, 1, 0, 6
"g:\AST\MCFPP\mcfpp\math\src\math\data\math\functions\hpo\float\_rmv.mcfunction", "mcfunction", 0, 0, 0, 0, 0, 0, 0, 0, 24, 0, 7, 3, 34
"g:\AST\MCFPP\mcfpp\math\src\math\data\math\functions\hpo\float\_scoreto.mcfunction", "mcfunction", 0, 0, 0, 0, 0, 0, 0, 0, 10, 0, 5, 4, 19
"g:\AST\MCFPP\mcfpp\math\src\math\data\math\functions\hpo\float\_sqr.mcfunction", "mcfunction", 0, 0, 0, 0, 0, 0, 0, 0, 17, 0, 6, 3, 26
"g:\AST\MCFPP\mcfpp\math\src\math\data\math\functions\hpo\float\_sqrt.mcfunction", "mcfunction", 0, 0, 0, 0, 0, 0, 0, 0, 14, 0, 4, 5, 23
"g:\AST\MCFPP\mcfpp\math\src\math\data\math\functions\hpo\float\_ssprint.mcfunction", "mcfunction", 0, 0, 0, 0, 0, 0, 0, 0, 7, 0, 1, 0, 8
"g:\AST\MCFPP\mcfpp\math\src\math\data\math\functions\hpo\float\_ssrandnew.mcfunction", "mcfunction", 0, 0, 0, 0, 0, 0, 0, 0, 16, 0, 2, 2, 20
"g:\AST\MCFPP\mcfpp\math\src\math\data\math\functions\hpo\float\_store.mcfunction", "mcfunction", 0, 0, 0, 0, 0, 0, 0, 0, 4, 0, 1, 0, 5
"g:\AST\MCFPP\mcfpp\math\src\math\data\math\functions\hpo\float\_swap.mcfunction", "mcfunction", 0, 0, 0, 0, 0, 0, 0, 0, 4, 0, 1, 0, 5
"g:\AST\MCFPP\mcfpp\math\src\math\data\math\functions\hpo\float\_toscore.mcfunction", "mcfunction", 0, 0, 0, 0, 0, 0, 0, 0, 8, 0, 1, 3, 12
"g:\AST\MCFPP\mcfpp\math\src\math\data\math\functions\hpo\float\_zsqr.mcfunction", "mcfunction", 0, 0, 0, 0, 0, 0, 0, 0, 17, 0, 6, 3, 26
"g:\AST\MCFPP\mcfpp\math\src\math\data\math\functions\hpo\float\add_search\1_2.mcfunction", "mcfunction", 0, 0, 0, 0, 0, 0, 0, 0, 2, 0, 0, 0, 2
"g:\AST\MCFPP\mcfpp\math\src\math\data\math\functions\hpo\float\add_search\3_5.mcfunction", "mcfunction", 0, 0, 0, 0, 0, 0, 0, 0, 3, 0, 0, 0, 3
"g:\AST\MCFPP\mcfpp\math\src\math\data\math\functions\hpo\float\add_search\6_8.mcfunction", "mcfunction", 0, 0, 0, 0, 0, 0, 0, 0, 3, 0, 0, 0, 3
"g:\AST\MCFPP\mcfpp\math\src\math\data\math\functions\hpo\float\add_search\align0.mcfunction", "mcfunction", 0, 0, 0, 0, 0, 0, 0, 0, 2, 0, 0, 0, 2
"g:\AST\MCFPP\mcfpp\math\src\math\data\math\functions\hpo\float\add_search\align1.mcfunction", "mcfunction", 0, 0, 0, 0, 0, 0, 0, 0, 2, 0, 0, 0, 2
"g:\AST\MCFPP\mcfpp\math\src\math\data\math\functions\hpo\float\add_search\align2.mcfunction", "mcfunction", 0, 0, 0, 0, 0, 0, 0, 0, 2, 0, 0, 0, 2
"g:\AST\MCFPP\mcfpp\math\src\math\data\math\functions\hpo\float\add_search\align3.mcfunction", "mcfunction", 0, 0, 0, 0, 0, 0, 0, 0, 2, 0, 0, 0, 2
"g:\AST\MCFPP\mcfpp\math\src\math\data\math\functions\hpo\float\add_search\align4.mcfunction", "mcfunction", 0, 0, 0, 0, 0, 0, 0, 0, 2, 0, 0, 0, 2
"g:\AST\MCFPP\mcfpp\math\src\math\data\math\functions\hpo\float\add_search\align5.mcfunction", "mcfunction", 0, 0, 0, 0, 0, 0, 0, 0, 2, 0, 0, 0, 2
"g:\AST\MCFPP\mcfpp\math\src\math\data\math\functions\hpo\float\add_search\align6.mcfunction", "mcfunction", 0, 0, 0, 0, 0, 0, 0, 0, 2, 0, 0, 0, 2
"g:\AST\MCFPP\mcfpp\math\src\math\data\math\functions\hpo\float\add_search\align7.mcfunction", "mcfunction", 0, 0, 0, 0, 0, 0, 0, 0, 2, 0, 0, 0, 2
"g:\AST\MCFPP\mcfpp\math\src\math\data\math\functions\hpo\float\add_search\align_s0.mcfunction", "mcfunction", 0, 0, 0, 0, 0, 0, 0, 0, 3, 0, 0, 0, 3
"g:\AST\MCFPP\mcfpp\math\src\math\data\math\functions\hpo\float\add_search\align_s1.mcfunction", "mcfunction", 0, 0, 0, 0, 0, 0, 0, 0, 3, 0, 0, 0, 3
"g:\AST\MCFPP\mcfpp\math\src\math\data\math\functions\hpo\float\add_search\align_s2.mcfunction", "mcfunction", 0, 0, 0, 0, 0, 0, 0, 0, 3, 0, 0, 0, 3
"g:\AST\MCFPP\mcfpp\math\src\math\data\math\functions\hpo\float\add_search\zero.mcfunction", "mcfunction", 0, 0, 0, 0, 0, 0, 0, 0, 2, 0, 0, 0, 2
"g:\AST\MCFPP\mcfpp\math\src\math\data\math\functions\hpo\float\add_swap.mcfunction", "mcfunction", 0, 0, 0, 0, 0, 0, 0, 0, 4, 0, 1, 3, 8
"g:\AST\MCFPP\mcfpp\math\src\math\data\math\functions\hpo\float\datato\_double.mcfunction", "mcfunction", 0, 0, 0, 0, 0, 0, 0, 0, 1, 0, 1, 1, 3
"g:\AST\MCFPP\mcfpp\math\src\math\data\math\functions\hpo\float\div_align.mcfunction", "mcfunction", 0, 0, 0, 0, 0, 0, 0, 0, 7, 0, 1, 0, 8
"g:\AST\MCFPP\mcfpp\math\src\math\data\math\functions\hpo\float\mult_align.mcfunction", "mcfunction", 0, 0, 0, 0, 0, 0, 0, 0, 2, 0, 1, 1, 4
"g:\AST\MCFPP\mcfpp\math\src\math\data\math\functions\hpo\float\rmv_swap.mcfunction", "mcfunction", 0, 0, 0, 0, 0, 0, 0, 0, 5, 0, 1, 3, 9
"g:\AST\MCFPP\mcfpp\math\src\math\data\math\functions\hpo\float\test\add.mcfunction", "mcfunction", 0, 0, 0, 0, 0, 0, 0, 0, 14, 0, 2, 4, 20
"g:\AST\MCFPP\mcfpp\math\src\math\data\math\functions\hpo\float\test\div.mcfunction", "mcfunction", 0, 0, 0, 0, 0, 0, 0, 0, 14, 0, 2, 4, 20
"g:\AST\MCFPP\mcfpp\math\src\math\data\math\functions\hpo\float\test\inverse.mcfunction", "mcfunction", 0, 0, 0, 0, 0, 0, 0, 0, 8, 0, 2, 2, 12
"g:\AST\MCFPP\mcfpp\math\src\math\data\math\functions\hpo\float\test\mult.mcfunction", "mcfunction", 0, 0, 0, 0, 0, 0, 0, 0, 14, 0, 2, 4, 20
"g:\AST\MCFPP\mcfpp\math\src\math\data\math\functions\hpo\float\test\rmv.mcfunction", "mcfunction", 0, 0, 0, 0, 0, 0, 0, 0, 14, 0, 2, 4, 20
"g:\AST\MCFPP\mcfpp\math\src\math\data\math\functions\hpo\float\test\sqrt.mcfunction", "mcfunction", 0, 0, 0, 0, 0, 0, 0, 0, 7, 0, 2, 2, 11
"g:\AST\MCFPP\mcfpp\math\src\math\data\math\functions\hpo\float\todata\_double.mcfunction", "mcfunction", 0, 0, 0, 0, 0, 0, 0, 0, 8, 0, 1, 2, 11
"g:\AST\MCFPP\mcfpp\math\src\math\data\math\functions\hpo\float\todata\search\-3_0.mcfunction", "mcfunction", 0, 0, 0, 0, 0, 0, 0, 0, 4, 0, 0, 0, 4
"g:\AST\MCFPP\mcfpp\math\src\math\data\math\functions\hpo\float\todata\search\-7_-4.mcfunction", "mcfunction", 0, 0, 0, 0, 0, 0, 0, 0, 4, 0, 0, 0, 4
"g:\AST\MCFPP\mcfpp\math\src\math\data\math\functions\hpo\float\todata\search\-7_8.mcfunction", "mcfunction", 0, 0, 0, 0, 0, 0, 0, 0, 4, 0, 0, 0, 4
"g:\AST\MCFPP\mcfpp\math\src\math\data\math\functions\hpo\float\todata\search\1_4.mcfunction", "mcfunction", 0, 0, 0, 0, 0, 0, 0, 0, 4, 0, 0, 0, 4
"g:\AST\MCFPP\mcfpp\math\src\math\data\math\functions\hpo\float\todata\search\5_8.mcfunction", "mcfunction", 0, 0, 0, 0, 0, 0, 0, 0, 4, 0, 0, 0, 4
"g:\AST\MCFPP\mcfpp\math\src\math\data\math\functions\hpo\float\toscore\-1_0.mcfunction", "mcfunction", 0, 0, 0, 0, 0, 0, 0, 0, 2, 0, 0, 0, 2
"g:\AST\MCFPP\mcfpp\math\src\math\data\math\functions\hpo\float\toscore\-4_-2.mcfunction", "mcfunction", 0, 0, 0, 0, 0, 0, 0, 0, 3, 0, 0, 0, 3
"g:\AST\MCFPP\mcfpp\math\src\math\data\math\functions\hpo\float\toscore\1_2.mcfunction", "mcfunction", 0, 0, 0, 0, 0, 0, 0, 0, 2, 0, 0, 0, 2
"g:\AST\MCFPP\mcfpp\math\src\math\data\math\functions\hpo\float\toscore\3_6.mcfunction", "mcfunction", 0, 0, 0, 0, 0, 0, 0, 0, 3, 0, 0, 0, 3
"g:\AST\MCFPP\mcfpp\math\src\math\data\math\functions\hpo\float\zmult_align.mcfunction", "mcfunction", 0, 0, 0, 0, 0, 0, 0, 0, 2, 0, 1, 1, 4
"g:\AST\MCFPP\mcfpp\math\src\math\data\math\functions\hpo\init.mcfunction", "mcfunction", 0, 0, 0, 0, 0, 0, 0, 0, 18, 0, 4, 3, 25
"g:\AST\MCFPP\mcfpp\math\src\math\data\math\functions\init_overworld.mcfunction", "mcfunction", 0, 0, 0, 0, 0, 0, 0, 0, 5, 0, 6, 1, 12
"g:\AST\MCFPP\mcfpp\math\src\math\data\math\functions\marker\_chest.mcfunction", "mcfunction", 0, 0, 0, 0, 0, 0, 0, 0, 3, 0, 1, 0, 4
"g:\AST\MCFPP\mcfpp\math\src\math\data\math\functions\marker\_math.mcfunction", "mcfunction", 0, 0, 0, 0, 0, 0, 0, 0, 2, 0, 1, 0, 3
"g:\AST\MCFPP\mcfpp\math\src\math\data\math\functions\marker\_origin.mcfunction", "mcfunction", 0, 0, 0, 0, 0, 0, 0, 0, 1, 0, 1, 0, 2
"g:\AST\MCFPP\mcfpp\math\src\math\data\math\functions\marker\_return.mcfunction", "mcfunction", 0, 0, 0, 0, 0, 0, 0, 0, 2, 0, 1, 0, 3
"g:\AST\MCFPP\mcfpp\math\src\math\data\math\functions\marker\_sign.mcfunction", "mcfunction", 0, 0, 0, 0, 0, 0, 0, 0, 2, 0, 1, 0, 3
"g:\AST\MCFPP\mcfpp\math\src\math\data\math\functions\marker\_uuid.mcfunction", "mcfunction", 0, 0, 0, 0, 0, 0, 0, 0, 2, 0, 1, 0, 3
"g:\AST\MCFPP\mcfpp\math\src\math\data\math\functions\obj_entity\_new.mcfunction", "mcfunction", 0, 0, 0, 0, 0, 0, 0, 0, 1, 0, 1, 1, 3
"g:\AST\MCFPP\mcfpp\math\src\math\data\math\functions\obj_entity\_reid.mcfunction", "mcfunction", 0, 0, 0, 0, 0, 0, 0, 0, 8, 0, 5, 0, 13
"g:\AST\MCFPP\mcfpp\math\src\math\data\math\functions\obj_entity\get_newint.mcfunction", "mcfunction", 0, 0, 0, 0, 0, 0, 0, 0, 3, 0, 1, 0, 4
"g:\AST\MCFPP\mcfpp\math\src\math\data\math\functions\obj_entity\set.mcfunction", "mcfunction", 0, 0, 0, 0, 0, 0, 0, 0, 3, 0, 1, 0, 4
"g:\AST\MCFPP\mcfpp\math\src\math\data\math\functions\set\_append.mcfunction", "mcfunction", 0, 0, 0, 0, 0, 0, 0, 0, 7, 0, 2, 3, 12
"g:\AST\MCFPP\mcfpp\math\src\math\data\math\functions\set\_cross.mcfunction", "mcfunction", 0, 0, 0, 0, 0, 0, 0, 0, 11, 0, 4, 3, 18
"g:\AST\MCFPP\mcfpp\math\src\math\data\math\functions\set\_diff.mcfunction", "mcfunction", 0, 0, 0, 0, 0, 0, 0, 0, 11, 0, 5, 3, 19
"g:\AST\MCFPP\mcfpp\math\src\math\data\math\functions\set\_ex-tags.mcfunction", "mcfunction", 0, 0, 0, 0, 0, 0, 0, 0, 4, 0, 2, 1, 7
"g:\AST\MCFPP\mcfpp\math\src\math\data\math\functions\set\_get.mcfunction", "mcfunction", 0, 0, 0, 0, 0, 0, 0, 0, 3, 0, 1, 0, 4
"g:\AST\MCFPP\mcfpp\math\src\math\data\math\functions\set\_merge.mcfunction", "mcfunction", 0, 0, 0, 0, 0, 0, 0, 0, 7, 0, 4, 3, 14
"g:\AST\MCFPP\mcfpp\math\src\math\data\math\functions\set\_new.mcfunction", "mcfunction", 0, 0, 0, 0, 0, 0, 0, 0, 3, 0, 3, 1, 7
"g:\AST\MCFPP\mcfpp\math\src\math\data\math\functions\set\_of.mcfunction", "mcfunction", 0, 0, 0, 0, 0, 0, 0, 0, 6, 0, 5, 3, 14
"g:\AST\MCFPP\mcfpp\math\src\math\data\math\functions\set\_print.mcfunction", "mcfunction", 0, 0, 0, 0, 0, 0, 0, 0, 4, 0, 1, 1, 6
"g:\AST\MCFPP\mcfpp\math\src\math\data\math\functions\set\_ssnew.mcfunction", "mcfunction", 0, 0, 0, 0, 0, 0, 0, 0, 3, 0, 1, 0, 4
"g:\AST\MCFPP\mcfpp\math\src\math\data\math\functions\set\_ssprint.mcfunction", "mcfunction", 0, 0, 0, 0, 0, 0, 0, 0, 4, 0, 1, 1, 6
"g:\AST\MCFPP\mcfpp\math\src\math\data\math\functions\set\_store.mcfunction", "mcfunction", 0, 0, 0, 0, 0, 0, 0, 0, 3, 0, 1, 0, 4
"g:\AST\MCFPP\mcfpp\math\src\math\data\math\functions\set\_subset.mcfunction", "mcfunction", 0, 0, 0, 0, 0, 0, 0, 0, 8, 0, 4, 4, 16
"g:\AST\MCFPP\mcfpp\math\src\math\data\math\functions\set\_swap.mcfunction", "mcfunction", 0, 0, 0, 0, 0, 0, 0, 0, 7, 0, 1, 2, 10
"g:\AST\MCFPP\mcfpp\math\src\math\data\math\functions\set\append_success.mcfunction", "mcfunction", 0, 0, 0, 0, 0, 0, 0, 0, 2, 0, 1, 0, 3
"g:\AST\MCFPP\mcfpp\math\src\math\data\math\functions\set\cross_sloop.mcfunction", "mcfunction", 0, 0, 0, 0, 0, 0, 0, 0, 8, 0, 2, 0, 10
"g:\AST\MCFPP\mcfpp\math\src\math\data\math\functions\set\cross_success.mcfunction", "mcfunction", 0, 0, 0, 0, 0, 0, 0, 0, 3, 0, 1, 0, 4
"g:\AST\MCFPP\mcfpp\math\src\math\data\math\functions\set\diff_sloop.mcfunction", "mcfunction", 0, 0, 0, 0, 0, 0, 0, 0, 7, 0, 2, 0, 9
"g:\AST\MCFPP\mcfpp\math\src\math\data\math\functions\set\diff_success.mcfunction", "mcfunction", 0, 0, 0, 0, 0, 0, 0, 0, 4, 0, 1, 0, 5
"g:\AST\MCFPP\mcfpp\math\src\math\data\math\functions\set\init.mcfunction", "mcfunction", 0, 0, 0, 0, 0, 0, 0, 0, 4, 0, 1, 2, 7
"g:\AST\MCFPP\mcfpp\math\src\math\data\math\functions\set\merge_sloop.mcfunction", "mcfunction", 0, 0, 0, 0, 0, 0, 0, 0, 7, 0, 2, 0, 9
"g:\AST\MCFPP\mcfpp\math\src\math\data\math\functions\set\merge_success.mcfunction", "mcfunction", 0, 0, 0, 0, 0, 0, 0, 0, 3, 0, 1, 0, 4
"g:\AST\MCFPP\mcfpp\math\src\math\data\math\functions\set\set.mcfunction", "mcfunction", 0, 0, 0, 0, 0, 0, 0, 0, 3, 0, 1, 0, 4
"g:\AST\MCFPP\mcfpp\math\src\math\data\math\functions\set\subset_sloop.mcfunction", "mcfunction", 0, 0, 0, 0, 0, 0, 0, 0, 6, 0, 2, 0, 8
"g:\AST\MCFPP\mcfpp\math\src\math\data\math\functions\set\tags_sloop.mcfunction", "mcfunction", 0, 0, 0, 0, 0, 0, 0, 0, 5, 0, 2, 0, 7
"g:\AST\MCFPP\mcfpp\math\src\math\data\math\functions\set\test\base.mcfunction", "mcfunction", 0, 0, 0, 0, 0, 0, 0, 0, 32, 0, 1, 7, 40
"g:\AST\MCFPP\mcfpp\math\src\math\data\math\functions\set\test\cross.mcfunction", "mcfunction", 0, 0, 0, 0, 0, 0, 0, 0, 18, 0, 1, 5, 24
"g:\AST\MCFPP\mcfpp\math\src\math\data\math\functions\set\test\diff.mcfunction", "mcfunction", 0, 0, 0, 0, 0, 0, 0, 0, 19, 0, 1, 6, 26
"g:\AST\MCFPP\mcfpp\math\src\math\data\math\functions\set\test\ex-tags.mcfunction", "mcfunction", 0, 0, 0, 0, 0, 0, 0, 0, 10, 0, 1, 4, 15
"g:\AST\MCFPP\mcfpp\math\src\math\data\math\functions\set\test\merge.mcfunction", "mcfunction", 0, 0, 0, 0, 0, 0, 0, 0, 19, 0, 1, 6, 26
"g:\AST\MCFPP\mcfpp\math\src\math\data\math\functions\set\test\of.mcfunction", "mcfunction", 0, 0, 0, 0, 0, 0, 0, 0, 9, 0, 1, 4, 14
"g:\AST\MCFPP\mcfpp\math\src\math\data\math\functions\set\test\subset.mcfunction", "mcfunction", 0, 0, 0, 0, 0, 0, 0, 0, 21, 0, 1, 6, 28
"g:\AST\MCFPP\mcfpp\math\src\math\data\math\functions\sqrt\_3self.mcfunction", "mcfunction", 0, 0, 0, 0, 0, 0, 0, 0, 3, 0, 1, 0, 4
"g:\AST\MCFPP\mcfpp\math\src\math\data\math\functions\sqrt\_3sqrt.mcfunction", "mcfunction", 0, 0, 0, 0, 0, 0, 0, 0, 2, 0, 1, 0, 3
"g:\AST\MCFPP\mcfpp\math\src\math\data\math\functions\sqrt\_self.mcfunction", "mcfunction", 0, 0, 0, 0, 0, 0, 0, 0, 16, 0, 1, 0, 17
"g:\AST\MCFPP\mcfpp\math\src\math\data\math\functions\sqrt\range0.mcfunction", "mcfunction", 0, 0, 0, 0, 0, 0, 0, 0, 3, 0, 1, 0, 4
"g:\AST\MCFPP\mcfpp\math\src\math\data\math\functions\sqrt\range1.mcfunction", "mcfunction", 0, 0, 0, 0, 0, 0, 0, 0, 3, 0, 1, 0, 4
"g:\AST\MCFPP\mcfpp\math\src\math\data\math\functions\sqrt\range2.mcfunction", "mcfunction", 0, 0, 0, 0, 0, 0, 0, 0, 3, 0, 1, 0, 4
"g:\AST\MCFPP\mcfpp\math\src\math\data\math\functions\sqrt\range3.mcfunction", "mcfunction", 0, 0, 0, 0, 0, 0, 0, 0, 21, 0, 1, 3, 25
"g:\AST\MCFPP\mcfpp\math\src\math\data\math\functions\sqrt\range4.mcfunction", "mcfunction", 0, 0, 0, 0, 0, 0, 0, 0, 18, 0, 1, 1, 20
"g:\AST\MCFPP\mcfpp\math\src\math\data\math\functions\sqrt\range5.mcfunction", "mcfunction", 0, 0, 0, 0, 0, 0, 0, 0, 3, 0, 1, 0, 4
"g:\AST\MCFPP\mcfpp\math\src\math\data\math\functions\sqrt\range6.mcfunction", "mcfunction", 0, 0, 0, 0, 0, 0, 0, 0, 3, 0, 1, 0, 4
"g:\AST\MCFPP\mcfpp\math\src\math\data\math\functions\sqrt\range7.mcfunction", "mcfunction", 0, 0, 0, 0, 0, 0, 0, 0, 3, 0, 1, 0, 4
"g:\AST\MCFPP\mcfpp\math\src\math\data\math\functions\sqrt\range8.mcfunction", "mcfunction", 0, 0, 0, 0, 0, 0, 0, 0, 21, 0, 1, 2, 24
"g:\AST\MCFPP\mcfpp\math\src\math\data\math\functions\sqrt\range9.mcfunction", "mcfunction", 0, 0, 0, 0, 0, 0, 0, 0, 19, 0, 1, 2, 22
"g:\AST\MCFPP\mcfpp\math\src\math\data\math\functions\sqrt\rmv.mcfunction", "mcfunction", 0, 0, 0, 0, 0, 0, 0, 0, 2, 0, 1, 0, 3
"g:\AST\MCFPP\mcfpp\math\src\math\data\math\functions\test.mcfunction", "mcfunction", 0, 0, 0, 0, 0, 0, 0, 0, 3, 0, 1, 0, 4
"g:\AST\MCFPP\mcfpp\math\src\math\data\math\functions\test\_perf.mcfunction", "mcfunction", 0, 0, 0, 0, 0, 0, 0, 0, 7, 0, 1, 2, 10
"g:\AST\MCFPP\mcfpp\math\src\math\data\math\functions\test\perf\_loop.mcfunction", "mcfunction", 0, 0, 0, 0, 0, 0, 0, 0, 3, 0, 2, 0, 5
"g:\AST\MCFPP\mcfpp\math\src\math\data\math\functions\test\perf\_print.mcfunction", "mcfunction", 0, 0, 0, 0, 0, 0, 0, 0, 31, 0, 1, 4, 36
"g:\AST\MCFPP\mcfpp\math\src\math\data\math\functions\test\perf\_ssnew.mcfunction", "mcfunction", 0, 0, 0, 0, 0, 0, 0, 0, 28, 0, 1, 5, 34
"g:\AST\MCFPP\mcfpp\math\src\math\data\math\functions\test\perf\_ssprint.mcfunction", "mcfunction", 0, 0, 0, 0, 0, 0, 0, 0, 26, 0, 1, 4, 31
"g:\AST\MCFPP\mcfpp\math\src\math\data\math\functions\test\perf\_start.mcfunction", "mcfunction", 0, 0, 0, 0, 0, 0, 0, 0, 9, 0, 1, 2, 12
"g:\AST\MCFPP\mcfpp\math\src\math\data\math\functions\test\perf\_std.mcfunction", "mcfunction", 0, 0, 0, 0, 0, 0, 0, 0, 28, 0, 1, 4, 33
"g:\AST\MCFPP\mcfpp\math\src\math\data\math\functions\test\perf\_tick.mcfunction", "mcfunction", 0, 0, 0, 0, 0, 0, 0, 0, 10, 0, 1, 2, 13
"g:\AST\MCFPP\mcfpp\math\src\math\data\math\functions\test\perf\std_loop0.mcfunction", "mcfunction", 0, 0, 0, 0, 0, 0, 0, 0, 2, 0, 2, 0, 4
"g:\AST\MCFPP\mcfpp\math\src\math\data\math\functions\test\perf\std_loop1.mcfunction", "mcfunction", 0, 0, 0, 0, 0, 0, 0, 0, 3, 0, 2, 0, 5
"g:\AST\MCFPP\mcfpp\math\src\math\data\math\functions\test\perf\std_loop2.mcfunction", "mcfunction", 0, 0, 0, 0, 0, 0, 0, 0, 3, 0, 2, 0, 5
"g:\AST\MCFPP\mcfpp\math\src\math\data\math\functions\test\run.mcfunction", "mcfunction", 0, 0, 0, 0, 0, 0, 0, 0, 4, 0, 1, 1, 6
"g:\AST\MCFPP\mcfpp\math\src\math\data\math\functions\tick.mcfunction", "mcfunction", 0, 0, 0, 0, 0, 0, 0, 0, 4, 0, 0, 2, 6
"g:\AST\MCFPP\mcfpp\math\src\math\pack.mcmeta", "JSON", 0, 0, 0, 0, 6, 0, 0, 0, 0, 0, 0, 1, 7
"g:\AST\MCFPP\mcfpp\sys\mcfpp.sys.json", "JSON", 0, 0, 0, 0, 8, 0, 0, 0, 0, 0, 0, 0, 8
"g:\AST\MCFPP\settings.gradle.kts", "Kotlinscript", 0, 0, 1, 0, 0, 0, 0, 0, 0, 0, 0, 3, 4
"g:\AST\MCFPP\src\main\cpp\test.cpp", "C++", 0, 0, 0, 0, 0, 6, 0, 0, 0, 0, 0, 2, 8
"g:\AST\MCFPP\src\main\gen\mcfppLexer.java", "Java", 0, 0, 0, 0, 0, 0, 0, 1300, 0, 0, 4, 19, 1323
"g:\AST\MCFPP\src\main\java\top\mcfpp\annotations\InsertCommand.java", "Java", 0, 0, 0, 0, 0, 0, 0, 9, 0, 0, 0, 3, 12
"g:\AST\MCFPP\src\main\java\top\mcfpp\annotations\MCFPPNative.java", "Java", 0, 0, 0, 0, 0, 0, 0, 9, 0, 0, 0, 3, 12
"g:\AST\MCFPP\src\main\java\top\mcfpp\jni\Test.java", "Java", 0, 0, 0, 0, 0, 0, 0, 10, 0, 0, 0, 4, 14
"g:\AST\MCFPP\src\main\java\top\mcfpp\lang\MCAnyData.java", "Java", 0, 0, 0, 0, 0, 0, 0, 27, 0, 0, 2, 7, 36
"g:\AST\MCFPP\src\main\java\top\mcfpp\lang\MCIntData.java", "Java", 0, 0, 0, 0, 0, 0, 0, 25, 0, 0, 1, 8, 34
"g:\AST\MCFPP\src\main\java\top\mcfpp\lang\NBTDictionaryData.java", "Java", 0, 0, 0, 0, 0, 0, 0, 26, 0, 0, 0, 8, 34
"g:\AST\MCFPP\src\main\java\top\mcfpp\lang\NBTListConcreteData.java", "Java", 0, 0, 0, 0, 0, 0, 0, 181, 0, 0, 15, 15, 211
"g:\AST\MCFPP\src\main\java\top\mcfpp\lang\NBTListData.java", "Java", 0, 0, 0, 0, 0, 0, 0, 210, 0, 0, 11, 14, 235
"g:\AST\MCFPP\src\main\java\top\mcfpp\lang\NBTMapData.java", "Java", 0, 0, 0, 0, 0, 0, 0, 44, 0, 0, 0, 14, 58
"g:\AST\MCFPP\src\main\java\top\mcfpp\lang\Range.java", "Java", 0, 0, 0, 0, 0, 0, 0, 13, 0, 0, 11, 8, 32
"g:\AST\MCFPP\src\main\java\top\mcfpp\lang\System.java", "Java", 0, 0, 0, 0, 0, 0, 0, 61, 0, 0, 10, 12, 83
"g:\AST\MCFPP\src\main\java\top\mcfppdoc\antlr\McfppDocVisitor.java", "Java", 0, 0, 0, 0, 0, 0, 0, 4, 0, 0, 0, 3, 7
"g:\AST\MCFPP\src\main\kotlin\top\mcfpp\CompileSettings.kt", "Kotlin", 0, 0, 0, 0, 0, 0, 5, 0, 0, 0, 6, 2, 13
"g:\AST\MCFPP\src\main\kotlin\top\mcfpp\MCFPP.kt", "Kotlin", 0, 0, 0, 0, 0, 0, 53, 0, 0, 0, 3, 3, 59
"g:\AST\MCFPP\src\main\kotlin\top\mcfpp\Project.kt", "Kotlin", 0, 0, 0, 0, 0, 0, 241, 0, 0, 0, 116, 33, 390
"g:\AST\MCFPP\src\main\kotlin\top\mcfpp\annotations\MCFPNativeProcessor.kt", "Kotlin", 0, 0, 0, 0, 0, 0, 24, 0, 0, 0, 0, 4, 28
"g:\AST\MCFPP\src\main\kotlin\top\mcfpp\antlr\McfppErrorListener.kt", "Kotlin", 0, 0, 0, 0, 0, 0, 4, 0, 0, 0, 0, 3, 7
"g:\AST\MCFPP\src\main\kotlin\top\mcfpp\antlr\McfppExprVisitor.kt", "Kotlin", 0, 0, 0, 0, 0, 0, 505, 0, 0, 0, 120, 28, 653
"g:\AST\MCFPP\src\main\kotlin\top\mcfpp\antlr\McfppFieldVisitor.kt", "Kotlin", 0, 0, 0, 0, 0, 0, 641, 0, 0, 0, 162, 47, 850
"g:\AST\MCFPP\src\main\kotlin\top\mcfpp\antlr\McfppFuncManager.kt", "Kotlin", 0, 0, 0, 0, 0, 0, 64, 0, 0, 0, 35, 7, 106
"g:\AST\MCFPP\src\main\kotlin\top\mcfpp\antlr\McfppGenericClassVisitor.kt", "Kotlin", 0, 0, 0, 0, 0, 0, 58, 0, 0, 0, 9, 4, 71
"g:\AST\MCFPP\src\main\kotlin\top\mcfpp\antlr\McfppImVisitor.kt", "Kotlin", 0, 0, 0, 0, 0, 0, 763, 0, 0, 0, 235, 94, 1092
"g:\AST\MCFPP\src\main\kotlin\top\mcfpp\antlr\McfppInlineFunctionVisitor.kt", "Kotlin", 0, 0, 0, 0, 0, 0, 3, 0, 0, 0, 0, 2, 5
"g:\AST\MCFPP\src\main\kotlin\top\mcfpp\antlr\McfppLeftExprVisitor.kt", "Kotlin", 0, 0, 0, 0, 0, 0, 184, 0, 0, 0, 38, 6, 228
"g:\AST\MCFPP\src\main\kotlin\top\mcfpp\antlr\McfppTypeVisitor.kt", "Kotlin", 0, 0, 0, 0, 0, 0, 180, 0, 0, 0, 65, 13, 258
"g:\AST\MCFPP\src\main\kotlin\top\mcfpp\antlr\NativeClassVisitor.kt", "Kotlin", 0, 0, 0, 0, 0, 0, 3, 0, 0, 0, 73, 2, 78
"g:\AST\MCFPP\src\main\kotlin\top\mcfpp\command\Command.kt", "Kotlin", 0, 0, 0, 0, 0, 0, 104, 0, 0, 0, 53, 23, 180
"g:\AST\MCFPP\src\main\kotlin\top\mcfpp\command\CommandList.kt", "Kotlin", 0, 0, 0, 0, 0, 0, 30, 0, 0, 0, 0, 7, 37
"g:\AST\MCFPP\src\main\kotlin\top\mcfpp\command\Commands.kt", "Kotlin", 0, 0, 0, 0, 0, 0, 75, 0, 0, 0, 37, 12, 124
"g:\AST\MCFPP\src\main\kotlin\top\mcfpp\command\Comment.kt", "Kotlin", 0, 0, 0, 0, 0, 0, 17, 0, 0, 0, 0, 7, 24
"g:\AST\MCFPP\src\main\kotlin\top\mcfpp\command\package-info.kt", "Kotlin", 0, 0, 0, 0, 0, 0, 1, 0, 0, 0, 5, 2, 8
"g:\AST\MCFPP\src\main\kotlin\top\mcfpp\command\tree\CommandTreeModel.kt", "Kotlin", 0, 0, 0, 0, 0, 0, 12, 0, 0, 0, 24, 4, 40
"g:\AST\MCFPP\src\main\kotlin\top\mcfpp\command\tree\DownloadHelper.kt", "Kotlin", 0, 0, 0, 0, 0, 0, 291, 0, 0, 0, 29, 23, 343
"g:\AST\MCFPP\src\main\kotlin\top\mcfpp\commandline\LineCompiler.kt", "Kotlin", 0, 0, 0, 0, 0, 0, 60, 0, 0, 0, 1, 8, 69
"g:\AST\MCFPP\src\main\kotlin\top\mcfpp\commandline\Main.kt", "Kotlin", 0, 0, 0, 0, 0, 0, 72, 0, 0, 0, 3, 8, 83
"g:\AST\MCFPP\src\main\kotlin\top\mcfpp\compiletime\CompileTimeFunction.kt", "Kotlin", 0, 0, 0, 0, 0, 0, 31, 0, 0, 0, 5, 5, 41
"g:\AST\MCFPP\src\main\kotlin\top\mcfpp\compiletime\CompileTimeFunctionField.kt", "Kotlin", 0, 0, 0, 0, 0, 0, 21, 0, 0, 0, 5, 3, 29
"g:\AST\MCFPP\src\main\kotlin\top\mcfpp\compiletime\JavaScriptInterpreter.kt", "Kotlin", 0, 0, 0, 0, 0, 0, 11, 0, 0, 0, 0, 3, 14
"g:\AST\MCFPP\src\main\kotlin\top\mcfpp\compiletime\MCControl.kt", "Kotlin", 0, 0, 0, 0, 0, 0, 6, 0, 0, 0, 0, 2, 8
"g:\AST\MCFPP\src\main\kotlin\top\mcfpp\compiletime\McfppCompileTimeVisitor.kt", "Kotlin", 0, 0, 0, 0, 0, 0, 173, 0, 0, 0, 0, 24, 197
"g:\AST\MCFPP\src\main\kotlin\top\mcfpp\exception\CommandException.kt", "Kotlin", 0, 0, 0, 0, 0, 0, 3, 0, 0, 0, 0, 1, 4
"g:\AST\MCFPP\src\main\kotlin\top\mcfpp\exception\IllegalFormatException.kt", "Kotlin", 0, 0, 0, 0, 0, 0, 3, 0, 0, 0, 0, 3, 6
"g:\AST\MCFPP\src\main\kotlin\top\mcfpp\exception\OperationNotImplementException.kt", "Kotlin", 0, 0, 0, 0, 0, 0, 5, 0, 0, 0, 0, 5, 10
"g:\AST\MCFPP\src\main\kotlin\top\mcfpp\exception\UndefinedException.kt", "Kotlin", 0, 0, 0, 0, 0, 0, 3, 0, 0, 0, 0, 1, 4
"g:\AST\MCFPP\src\main\kotlin\top\mcfpp\exception\VariableConverseException.kt", "Kotlin", 0, 0, 0, 0, 0, 0, 5, 0, 0, 0, 0, 5, 10
"g:\AST\MCFPP\src\main\kotlin\top\mcfpp\exception\VariableNotResolvedException.kt", "Kotlin", 0, 0, 0, 0, 0, 0, 3, 0, 0, 0, 0, 3, 6
"g:\AST\MCFPP\src\main\kotlin\top\mcfpp\io\DatapackCreator.kt", "Kotlin", 0, 0, 0, 0, 0, 0, 178, 0, 0, 0, 54, 8, 240
"g:\AST\MCFPP\src\main\kotlin\top\mcfpp\io\LibReader.kt", "Kotlin", 0, 0, 0, 0, 0, 0, 241, 0, 0, 0, 41, 8, 290
"g:\AST\MCFPP\src\main\kotlin\top\mcfpp\io\LibWriter.kt", "Kotlin", 0, 0, 0, 0, 0, 0, 169, 0, 0, 0, 26, 9, 204
"g:\AST\MCFPP\src\main\kotlin\top\mcfpp\io\MCFPPFile.kt", "Kotlin", 0, 0, 0, 0, 0, 0, 103, 0, 0, 0, 18, 14, 135
"g:\AST\MCFPP\src\main\kotlin\top\mcfpp\lang\CanSelectMember.kt", "Kotlin", 0, 0, 0, 0, 0, 0, 9, 0, 0, 0, 19, 5, 33
"g:\AST\MCFPP\src\main\kotlin\top\mcfpp\lang\ClassBase.kt", "Kotlin", 0, 0, 0, 0, 0, 0, 16, 0, 0, 0, 19, 4, 39
"g:\AST\MCFPP\src\main\kotlin\top\mcfpp\lang\ClassObject.kt", "Kotlin", 0, 0, 0, 0, 0, 0, 65, 0, 0, 0, 46, 15, 126
"g:\AST\MCFPP\src\main\kotlin\top\mcfpp\lang\ClassPointer.kt", "Kotlin", 0, 0, 0, 0, 0, 0, 130, 0, 0, 0, 70, 21, 221
"g:\AST\MCFPP\src\main\kotlin\top\mcfpp\lang\CompoundDataType.kt", "Kotlin", 0, 0, 0, 0, 0, 0, 49, 0, 0, 0, 25, 10, 84
"g:\AST\MCFPP\src\main\kotlin\top\mcfpp\lang\Entity.kt", "Kotlin", 0, 0, 0, 0, 0, 0, 13, 0, 0, 0, 127, 2, 142
"g:\AST\MCFPP\src\main\kotlin\top\mcfpp\lang\INativeClass.kt", "Kotlin", 0, 0, 0, 0, 0, 0, 9, 0, 0, 0, 9, 2, 20
"g:\AST\MCFPP\src\main\kotlin\top\mcfpp\lang\Indexable.kt", "Kotlin", 0, 0, 0, 0, 0, 0, 4, 0, 0, 0, 0, 3, 7
"g:\AST\MCFPP\src\main\kotlin\top\mcfpp\lang\IntTemplateBase.kt", "Kotlin", 0, 0, 0, 0, 0, 0, 7, 0, 0, 0, 3, 5, 15
"g:\AST\MCFPP\src\main\kotlin\top\mcfpp\lang\IntTemplatePointer.kt", "Kotlin", 0, 0, 0, 0, 0, 0, 45, 0, 0, 0, 27, 15, 87
"g:\AST\MCFPP\src\main\kotlin\top\mcfpp\lang\IntTemplateType.kt", "Kotlin", 0, 0, 0, 0, 0, 0, 7, 0, 0, 0, 0, 4, 11
"g:\AST\MCFPP\src\main\kotlin\top\mcfpp\lang\JavaVar.kt", "Kotlin", 0, 0, 0, 0, 0, 0, 136, 0, 0, 0, 69, 23, 228
"g:\AST\MCFPP\src\main\kotlin\top\mcfpp\lang\JsonString.kt", "Kotlin", 0, 0, 0, 0, 0, 0, 10, 0, 0, 0, 87, 2, 99
"g:\AST\MCFPP\src\main\kotlin\top\mcfpp\lang\JsonText.kt", "Kotlin", 0, 0, 0, 0, 0, 0, 35, 0, 0, 0, 15, 12, 62
"g:\AST\MCFPP\src\main\kotlin\top\mcfpp\lang\MCAny.kt", "Kotlin", 0, 0, 0, 0, 0, 0, 128, 0, 0, 0, 119, 24, 271
"g:\AST\MCFPP\src\main\kotlin\top\mcfpp\lang\MCBool.kt", "Kotlin", 0, 0, 0, 0, 0, 0, 251, 0, 0, 0, 53, 37, 341
"g:\AST\MCFPP\src\main\kotlin\top\mcfpp\lang\MCFPPTypeVar.kt", "Kotlin", 0, 0, 0, 0, 0, 0, 56, 0, 0, 0, 0, 15, 71
"g:\AST\MCFPP\src\main\kotlin\top\mcfpp\lang\MCFloat.kt", "Kotlin", 0, 0, 0, 0, 0, 0, 576, 0, 0, 0, 210, 57, 843
"g:\AST\MCFPP\src\main\kotlin\top\mcfpp\lang\MCInt.kt", "Kotlin", 0, 0, 0, 0, 0, 0, 565, 0, 0, 0, 96, 51, 712
"g:\AST\MCFPP\src\main\kotlin\top\mcfpp\lang\MCNumber.kt", "Kotlin", 0, 0, 0, 0, 0, 0, 43, 0, 0, 0, 86, 22, 151
"g:\AST\MCFPP\src\main\kotlin\top\mcfpp\lang\MCString.kt", "Kotlin", 0, 0, 0, 0, 0, 0, 118, 0, 0, 0, 59, 20, 197
"g:\AST\MCFPP\src\main\kotlin\top\mcfpp\lang\NBTAny.kt", "Kotlin", 0, 0, 0, 0, 0, 0, 1, 0, 0, 0, 147, 1, 149
"g:\AST\MCFPP\src\main\kotlin\top\mcfpp\lang\NBTBasedData.kt", "Kotlin", 0, 0, 0, 0, 0, 0, 518, 0, 0, 0, 116, 46, 680
"g:\AST\MCFPP\src\main\kotlin\top\mcfpp\lang\NBTDictionary.kt", "Kotlin", 0, 0, 0, 0, 0, 0, 146, 0, 0, 0, 56, 24, 226
"g:\AST\MCFPP\src\main\kotlin\top\mcfpp\lang\NBTList.kt", "Kotlin", 0, 0, 0, 0, 0, 0, 151, 0, 0, 0, 53, 26, 230
"g:\AST\MCFPP\src\main\kotlin\top\mcfpp\lang\NBTMap.kt", "Kotlin", 0, 0, 0, 0, 0, 0, 67, 0, 0, 0, 40, 12, 119
"g:\AST\MCFPP\src\main\kotlin\top\mcfpp\lang\NBTTemplateBase.kt", "Kotlin", 0, 0, 0, 0, 0, 0, 3, 0, 0, 0, 0, 1, 4
"g:\AST\MCFPP\src\main\kotlin\top\mcfpp\lang\NBTTemplatePointer.kt", "Kotlin", 0, 0, 0, 0, 0, 0, 3, 0, 0, 0, 0, 1, 4
"g:\AST\MCFPP\src\main\kotlin\top\mcfpp\lang\NBTTemplateType.kt", "Kotlin", 0, 0, 0, 0, 0, 0, 3, 0, 0, 0, 0, 1, 4
"g:\AST\MCFPP\src\main\kotlin\top\mcfpp\lang\OnScoreboard.kt", "Kotlin", 0, 0, 0, 0, 0, 0, 4, 0, 0, 0, 3, 1, 8
"g:\AST\MCFPP\src\main\kotlin\top\mcfpp\lang\Range.kt", "Kotlin", 0, 0, 0, 0, 0, 0, 1, 0, 0, 0, 3, 1, 5
"g:\AST\MCFPP\src\main\kotlin\top\mcfpp\lang\ReturnedMCBool.kt", "Kotlin", 0, 0, 0, 0, 0, 0, 28, 0, 0, 0, 22, 7, 57
"g:\AST\MCFPP\src\main\kotlin\top\mcfpp\lang\SbObject.kt", "Kotlin", 0, 0, 0, 0, 0, 0, 43, 0, 0, 0, 20, 13, 76
"g:\AST\MCFPP\src\main\kotlin\top\mcfpp\lang\Selector.kt", "Kotlin", 0, 0, 0, 0, 0, 0, 17, 0, 0, 0, 158, 3, 178
"g:\AST\MCFPP\src\main\kotlin\top\mcfpp\lang\Storage.kt", "Kotlin", 0, 0, 0, 0, 0, 0, 26, 0, 0, 0, 5, 8, 39
"g:\AST\MCFPP\src\main\kotlin\top\mcfpp\lang\UnknownVar.kt", "Kotlin", 0, 0, 0, 0, 0, 0, 25, 0, 0, 0, 27, 13, 65
"g:\AST\MCFPP\src\main\kotlin\top\mcfpp\lang\UnresolvedVar.kt", "Kotlin", 0, 0, 0, 0, 0, 0, 51, 0, 0, 0, 56, 16, 123
"g:\AST\MCFPP\src\main\kotlin\top\mcfpp\lang\Var.kt", "Kotlin", 0, 0, 0, 0, 0, 0, 179, 0, 0, 0, 149, 43, 371
"g:\AST\MCFPP\src\main\kotlin\top\mcfpp\lang\Void.kt", "Kotlin", 0, 0, 0, 0, 0, 0, 47, 0, 0, 0, 27, 11, 85
"g:\AST\MCFPP\src\main\kotlin\top\mcfpp\lang\annotation\Inject.kt", "Kotlin", 0, 0, 0, 0, 0, 0, 22, 0, 0, 0, 2, 6, 30
"g:\AST\MCFPP\src\main\kotlin\top\mcfpp\lang\type\MCFPPBaseType.kt", "Kotlin", 0, 0, 0, 0, 0, 0, 61, 0, 0, 0, 18, 7, 86
"g:\AST\MCFPP\src\main\kotlin\top\mcfpp\lang\type\MCFPPClassType.kt", "Kotlin", 0, 0, 0, 0, 0, 0, 66, 0, 0, 0, 22, 11, 99
"g:\AST\MCFPP\src\main\kotlin\top\mcfpp\lang\type\MCFPPGenericClassType.kt", "Kotlin", 0, 0, 0, 0, 0, 0, 9, 0, 0, 0, 0, 4, 13
"g:\AST\MCFPP\src\main\kotlin\top\mcfpp\lang\type\MCFPPGenericType.kt", "Kotlin", 0, 0, 0, 0, 0, 0, 13, 0, 0, 0, 17, 4, 34
"g:\AST\MCFPP\src\main\kotlin\top\mcfpp\lang\type\MCFPPNBTType.kt", "Kotlin", 0, 0, 0, 0, 0, 0, 46, 0, 0, 0, 17, 16, 79
"g:\AST\MCFPP\src\main\kotlin\top\mcfpp\lang\type\MCFPPTemplateType.kt", "Kotlin", 0, 0, 0, 0, 0, 0, 22, 0, 0, 0, 4, 7, 33
"g:\AST\MCFPP\src\main\kotlin\top\mcfpp\lang\type\MCFPPType.kt", "Kotlin", 0, 0, 0, 0, 0, 0, 155, 0, 0, 0, 56, 26, 237
"g:\AST\MCFPP\src\main\kotlin\top\mcfpp\lang\value\MCFPPTypeValue.kt", "Kotlin", 0, 0, 0, 0, 0, 0, 46, 0, 0, 0, 8, 12, 66
"g:\AST\MCFPP\src\main\kotlin\top\mcfpp\lang\value\MCFPPValue.kt", "Kotlin", 0, 0, 0, 0, 0, 0, 8, 0, 0, 0, 7, 3, 18
"g:\AST\MCFPP\src\main\kotlin\top\mcfpp\lib\ConstantPool.kt", "Kotlin", 0, 0, 0, 0, 0, 0, 4, 0, 0, 0, 0, 4, 8
"g:\AST\MCFPP\src\main\kotlin\top\mcfpp\lib\MacroFunctionGenerator.kt", "Kotlin", 0, 0, 0, 0, 0, 0, 2, 0, 0, 0, 0, 2, 4
"g:\AST\MCFPP\src\main\kotlin\top\mcfpp\model\Annotation.kt", "Kotlin", 0, 0, 0, 0, 0, 0, 41, 0, 0, 0, 25, 12, 78
"g:\AST\MCFPP\src\main\kotlin\top\mcfpp\model\Class.kt", "Kotlin", 0, 0, 0, 0, 0, 0, 104, 0, 0, 0, 87, 26, 217
"g:\AST\MCFPP\src\main\kotlin\top\mcfpp\model\CompoundData.kt", "Kotlin", 0, 0, 0, 0, 0, 0, 104, 0, 0, 0, 63, 19, 186
"g:\AST\MCFPP\src\main\kotlin\top\mcfpp\model\FieldContainer.kt", "Kotlin", 0, 0, 0, 0, 0, 0, 4, 0, 0, 0, 7, 1, 12
"g:\AST\MCFPP\src\main\kotlin\top\mcfpp\model\Interface.kt", "Kotlin", 0, 0, 0, 0, 0, 0, 14, 0, 0, 0, 12, 5, 31
"g:\AST\MCFPP\src\main\kotlin\top\mcfpp\model\Member.kt", "Kotlin", 0, 0, 0, 0, 0, 0, 10, 0, 0, 0, 21, 6, 37
"g:\AST\MCFPP\src\main\kotlin\top\mcfpp\model\Native.kt", "Kotlin", 0, 0, 0, 0, 0, 0, 2, 0, 0, 0, 0, 1, 3
"g:\AST\MCFPP\src\main\kotlin\top\mcfpp\model\NativeClass.kt", "Kotlin", 0, 0, 0, 0, 0, 0, 13, 0, 0, 0, 3, 4, 20
"g:\AST\MCFPP\src\main\kotlin\top\mcfpp\model\Template.kt", "Kotlin", 0, 0, 0, 0, 0, 0, 57, 0, 0, 0, 34, 13, 104
"g:\AST\MCFPP\src\main\kotlin\top\mcfpp\model\UnknownClass.kt", "Kotlin", 0, 0, 0, 0, 0, 0, 3, 0, 0, 0, 0, 2, 5
"g:\AST\MCFPP\src\main\kotlin\top\mcfpp\model\field\CompoundDataField.kt", "Kotlin", 0, 0, 0, 0, 0, 0, 122, 0, 0, 0, 46, 28, 196
"g:\AST\MCFPP\src\main\kotlin\top\mcfpp\model\field\FileField.kt", "Kotlin", 0, 0, 0, 0, 0, 0, 2, 0, 0, 0, 0, 1, 3
"g:\AST\MCFPP\src\main\kotlin\top\mcfpp\model\field\FunctionField.kt", "Kotlin", 0, 0, 0, 0, 0, 0, 106, 0, 0, 0, 57, 25, 188
"g:\AST\MCFPP\src\main\kotlin\top\mcfpp\model\field\GlobalField.kt", "Kotlin", 0, 0, 0, 0, 0, 0, 263, 0, 0, 0, 71, 21, 355
"g:\AST\MCFPP\src\main\kotlin\top\mcfpp\model\field\IField.kt", "Kotlin", 0, 0, 0, 0, 0, 0, 3, 0, 0, 0, 20, 3, 26
"g:\AST\MCFPP\src\main\kotlin\top\mcfpp\model\field\IFieldWithClass.kt", "Kotlin", 0, 0, 0, 0, 0, 0, 10, 0, 0, 0, 36, 8, 54
"g:\AST\MCFPP\src\main\kotlin\top\mcfpp\model\field\IFieldWithFunction.kt", "Kotlin", 0, 0, 0, 0, 0, 0, 9, 0, 0, 0, 17, 6, 32
"g:\AST\MCFPP\src\main\kotlin\top\mcfpp\model\field\IFieldWithInterface.kt", "Kotlin", 0, 0, 0, 0, 0, 0, 10, 0, 0, 0, 32, 8, 50
"g:\AST\MCFPP\src\main\kotlin\top\mcfpp\model\field\IFieldWithTemplate.kt", "Kotlin", 0, 0, 0, 0, 0, 0, 12, 0, 0, 0, 32, 7, 51
"g:\AST\MCFPP\src\main\kotlin\top\mcfpp\model\field\IFieldWithType.kt", "Kotlin", 0, 0, 0, 0, 0, 0, 10, 0, 0, 0, 27, 8, 45
"g:\AST\MCFPP\src\main\kotlin\top\mcfpp\model\field\IFieldWithVar.kt", "Kotlin", 0, 0, 0, 0, 0, 0, 10, 0, 0, 0, 27, 8, 45
"g:\AST\MCFPP\src\main\kotlin\top\mcfpp\model\field\InternalFunctionField.kt", "Kotlin", 0, 0, 0, 0, 0, 0, 51, 0, 0, 0, 20, 10, 81
"g:\AST\MCFPP\src\main\kotlin\top\mcfpp\model\field\NamespaceField.kt", "Kotlin", 0, 0, 0, 0, 0, 0, 185, 0, 0, 0, 160, 42, 387
"g:\AST\MCFPP\src\main\kotlin\top\mcfpp\model\field\NoStackFunctionField.kt", "Kotlin", 0, 0, 0, 0, 0, 0, 11, 0, 0, 0, 5, 4, 20
"g:\AST\MCFPP\src\main\kotlin\top\mcfpp\model\field\SimpleFieldWithFunction.kt", "Kotlin", 0, 0, 0, 0, 0, 0, 39, 0, 0, 0, 13, 9, 61
"g:\AST\MCFPP\src\main\kotlin\top\mcfpp\model\field\SimpleFieldWithType.kt", "Kotlin", 0, 0, 0, 0, 0, 0, 35, 0, 0, 0, 3, 9, 47
"g:\AST\MCFPP\src\main\kotlin\top\mcfpp\model\field\SimpleFieldWithVar.kt", "Kotlin", 0, 0, 0, 0, 0, 0, 37, 0, 0, 0, 30, 9, 76
"g:\AST\MCFPP\src\main\kotlin\top\mcfpp\model\function\Constructor.kt", "Kotlin", 0, 0, 0, 0, 0, 0, 108, 0, 0, 0, 26, 9, 143
"g:\AST\MCFPP\src\main\kotlin\top\mcfpp\model\function\ExtensionFunction.kt", "Kotlin", 0, 0, 0, 0, 0, 0, 40, 0, 0, 0, 14, 7, 61
"g:\AST\MCFPP\src\main\kotlin\top\mcfpp\model\function\Function.kt", "Kotlin", 0, 0, 0, 0, 0, 0, 480, 0, 0, 0, 375, 72, 927
"g:\AST\MCFPP\src\main\kotlin\top\mcfpp\model\function\FunctionParam.kt", "Kotlin", 0, 0, 0, 0, 0, 0, 74, 0, 0, 0, 32, 15, 121
"g:\AST\MCFPP\src\main\kotlin\top\mcfpp\model\function\FunctionTag.kt", "Kotlin", 0, 0, 0, 0, 0, 0, 47, 0, 0, 0, 12, 8, 67
"g:\AST\MCFPP\src\main\kotlin\top\mcfpp\model\function\InlineFunction.kt", "Kotlin", 0, 0, 0, 0, 0, 0, 38, 0, 0, 0, 50, 11, 99
"g:\AST\MCFPP\src\main\kotlin\top\mcfpp\model\function\InternalFunction.kt", "Kotlin", 0, 0, 0, 0, 0, 0, 24, 0, 0, 0, 28, 6, 58
"g:\AST\MCFPP\src\main\kotlin\top\mcfpp\model\function\JavaFunction.kt", "Kotlin", 0, 0, 0, 0, 0, 0, 17, 0, 0, 0, 2, 6, 25
"g:\AST\MCFPP\src\main\kotlin\top\mcfpp\model\function\NativeConstructor.kt", "Kotlin", 0, 0, 0, 0, 0, 0, 11, 0, 0, 0, 0, 2, 13
"g:\AST\MCFPP\src\main\kotlin\top\mcfpp\model\function\NativeFunction.kt", "Kotlin", 0, 0, 0, 0, 0, 0, 62, 0, 0, 0, 57, 18, 137
"g:\AST\MCFPP\src\main\kotlin\top\mcfpp\model\function\NoStackFunction.kt", "Kotlin", 0, 0, 0, 0, 0, 0, 8, 0, 0, 0, 0, 4, 12
"g:\AST\MCFPP\src\main\kotlin\top\mcfpp\model\function\TemplateConstructor.kt", "Kotlin", 0, 0, 0, 0, 0, 0, 22, 0, 0, 0, 1, 4, 27
"g:\AST\MCFPP\src\main\kotlin\top\mcfpp\model\function\UnknownFunction.kt", "Kotlin", 0, 0, 0, 0, 0, 0, 13, 0, 0, 0, 5, 3, 21
"g:\AST\MCFPP\src\main\kotlin\top\mcfpp\model\generic\Generic.kt", "Kotlin", 0, 0, 0, 0, 0, 0, 16, 0, 0, 0, 0, 10, 26
"g:\AST\MCFPP\src\main\kotlin\top\mcfpp\model\generic\GenericClass.kt", "Kotlin", 0, 0, 0, 0, 0, 0, 47, 0, 0, 0, 13, 17, 77
"g:\AST\MCFPP\src\main\kotlin\top\mcfpp\model\generic\GenericExtensionFunction.kt", "Kotlin", 0, 0, 0, 0, 0, 0, 118, 0, 0, 0, 15, 13, 146
"g:\AST\MCFPP\src\main\kotlin\top\mcfpp\model\generic\GenericFunction.kt", "Kotlin", 0, 0, 0, 0, 0, 0, 141, 0, 0, 0, 29, 15, 185
"g:\AST\MCFPP\src\main\kotlin\top\mcfpp\model\package-info.kt", "Kotlin", 0, 0, 0, 0, 0, 0, 1, 0, 0, 0, 3, 2, 6
"g:\AST\MCFPP\src\main\kotlin\top\mcfpp\package-info.kt", "Kotlin", 0, 0, 0, 0, 0, 0, 1, 0, 0, 0, 0, 2, 3
"g:\AST\MCFPP\src\main\kotlin\top\mcfpp\util\AntlrUtil.kt", "Kotlin", 0, 0, 0, 0, 0, 0, 18, 0, 0, 0, 0, 4, 22
"g:\AST\MCFPP\src\main\kotlin\top\mcfpp\util\AnyTag.kt", "Kotlin", 0, 0, 0, 0, 0, 0, 11, 0, 0, 0, 5, 5, 21
"g:\AST\MCFPP\src\main\kotlin\top\mcfpp\util\LazyWrapper.kt", "Kotlin", 0, 0, 0, 0, 0, 0, 31, 0, 0, 0, 11, 9, 51
"g:\AST\MCFPP\src\main\kotlin\top\mcfpp\util\LogProcesser.kt", "Kotlin", 0, 0, 0, 0, 0, 0, 36, 0, 0, 0, 0, 11, 47
"g:\AST\MCFPP\src\main\kotlin\top\mcfpp\util\MCUUID.kt", "Kotlin", 0, 0, 0, 0, 0, 0, 20, 0, 0, 0, 0, 7, 27
"g:\AST\MCFPP\src\main\kotlin\top\mcfpp\util\MacroHelper.kt", "Kotlin", 0, 0, 0, 0, 0, 0, 12, 0, 0, 0, 5, 4, 21
"g:\AST\MCFPP\src\main\kotlin\top\mcfpp\util\NBTUtil.kt", "Kotlin", 0, 0, 0, 0, 0, 0, 105, 0, 0, 0, 5, 16, 126
"g:\AST\MCFPP\src\main\kotlin\top\mcfpp\util\ResourceLocation.kt", "Kotlin", 0, 0, 0, 0, 0, 0, 22, 0, 0, 0, 17, 5, 44
"g:\AST\MCFPP\src\main\kotlin\top\mcfpp\util\StringHelper.kt", "Kotlin", 0, 0, 0, 0, 0, 0, 34, 0, 0, 0, 5, 4, 43
"g:\AST\MCFPP\src\main\kotlin\top\mcfpp\util\Utils.kt", "Kotlin", 0, 0, 0, 0, 0, 0, 60, 0, 0, 0, 10, 16, 86
"g:\AST\MCFPP\src\main\kotlin\top\mcfpp\util\UwU.kt", "Kotlin", 0, 0, 0, 0, 0, 0, 66, 0, 0, 0, 4, 4, 74
"g:\AST\MCFPP\src\main\kotlin\top\mcfpp\util\ValueWrapper.kt", "Kotlin", 0, 0, 0, 0, 0, 0, 2, 0, 0, 0, 0, 1, 3
"g:\AST\MCFPP\src\test\java\top\mcfpp\test\GenericsTest.java", "Java", 0, 0, 0, 0, 0, 0, 0, 41, 0, 0, 0, 10, 51
"g:\AST\MCFPP\src\test\java\top\mcfpp\test\NativeTest.java", "Java", 0, 0, 0, 0, 0, 0, 0, 8, 0, 0, 0, 3, 11
"g:\AST\MCFPP\src\test\kotlin\top\mcfpp\test\CommandTreeDeserializeTest.kt", "Kotlin", 0, 0, 0, 0, 0, 0, 92, 0, 0, 0, 0, 5, 97
"g:\AST\MCFPP\src\test\kotlin\top\mcfpp\test\CompileTest.kt", "Kotlin", 0, 0, 0, 0, 0, 0, 113, 0, 0, 0, 0, 16, 129
"g:\AST\MCFPP\src\test\kotlin\top\mcfpp\test\CompileTimeTest.kt", "Kotlin", 0, 0, 0, 0, 0, 0, 36, 0, 0, 0, 1, 3, 40
"g:\AST\MCFPP\src\test\kotlin\top\mcfpp\test\FloatTest.kt", "Kotlin", 0, 0, 0, 0, 0, 0, 19, 0, 0, 0, 0, 3, 22
"g:\AST\MCFPP\src\test\kotlin\top\mcfpp\test\JavaScriptInterpreterTest.kt", "Kotlin", 0, 0, 0, 0, 0, 0, 9, 0, 0, 0, 0, 4, 13
"g:\AST\MCFPP\src\test\kotlin\top\mcfpp\test\MCFPPStringTest.kt", "Kotlin", 0, 0, 0, 0, 0, 0, 98, 0, 0, 0, 16, 3, 117
"g:\AST\MCFPP\src\test\kotlin\top\mcfpp\test\NBTAnyDataTypeTest.kt", "Kotlin", 0, 0, 0, 0, 0, 0, 18, 0, 0, 0, 0, 4, 22
"g:\AST\MCFPP\src\test\kotlin\top\mcfpp\test\NBTTest.kts", "Kotlinscript", 0, 0, 3, 0, 0, 0, 0, 0, 0, 0, 0, 2, 5
"g:\AST\MCFPP\src\test\kotlin\top\mcfpp\test\NashornTest.kt", "Kotlin", 0, 0, 0, 0, 0, 0, 12, 0, 0, 0, 0, 3, 15
"g:\AST\MCFPP\src\test\kotlin\top\mcfpp\test\NativeTest1.kt", "Kotlin", 0, 0, 0, 0, 0, 0, 17, 0, 0, 0, 0, 3, 20
"g:\AST\MCFPP\src\test\kotlin\top\mcfpp\test\StringCompileTest.kt", "Kotlin", 0, 0, 0, 0, 0, 0, 13, 0, 0, 0, 0, 4, 17
"g:\AST\MCFPP\src\test\kotlin\top\mcfpp\test\StringTest.kt", "Kotlin", 0, 0, 0, 0, 0, 0, 14, 0, 0, 0, 0, 4, 18
"g:\AST\MCFPP\test\Test.json", "JSON", 0, 0, 0, 0, 8, 0, 0, 0, 0, 0, 0, 0, 8
"Total", "-", 172, 6, 86, 39, 284, 6, 11777, 1968, 2517, 251, 5533, 2324, 24963